year,chsa_code,chsa_name,jan,feb,mar,apr,may,jun,jul,aug,sep,oct,nov,dec,total
2007,1110,Fernie,5,5,4,10,3,5,5,6,4,4,12,17,80
2007,1120,Cranbrook,16,14,18,17,16,22,14,14,24,21,23,20,219
2007,1130,Kimberley,8,5,5,6,9,4,5,5,5,2,2,5,61
2007,1140,Windermere,5,1,3,3,2,4,4,12,4,6,2,2,48
2007,1150,Creston,14,16,13,19,11,4,11,12,8,17,13,7,145
2007,1160,Golden,8,2,6,2,4,3,1,2,6,2,4,4,44
2007,1210,Kootenay Lake,4,1,0,1,2,3,5,9,2,8,3,3,41
2007,1220,Nelson,22,15,22,16,14,10,18,23,21,14,11,23,209
2007,1230,Castlegar,14,17,9,9,6,7,7,15,9,6,12,9,120
2007,1240,Arrow Lakes,5,1,6,5,8,3,6,5,3,1,3,4,50
2007,1250,Trail,21,26,22,21,19,22,22,22,12,16,18,20,241
2007,1260,Grand Forks,13,10,12,12,10,7,6,9,10,3,10,18,120
2007,1270,Kettle Valley,1,1,1,2,3,1,1,1,2,2,6,1,22
2007,1310,Southern Okanagan,19,19,17,19,23,25,26,16,19,16,31,21,251
2007,1320,Penticton,37,45,50,31,43,32,46,40,37,43,31,40,475
2007,1330,Keremeos,7,2,6,5,9,10,2,4,11,2,6,1,65
2007,1340,Princeton,8,5,5,9,3,1,6,5,4,4,7,6,63
2007,1350,Armstrong/Spallumcheen,7,5,14,6,11,2,6,5,4,3,3,5,71
2007,1361,Vernon Centre/Coldstream,52,42,50,54,52,43,40,51,51,40,46,42,563
2007,1362,North Okanagan/Lumby,10,6,5,10,6,5,8,7,10,5,3,9,84
2007,1371,Central Okanagan Rural,2,1,6,3,3,5,4,2,2,3,3,4,38
2007,1372,West Kelowna,11,26,19,25,17,23,21,25,20,24,24,24,259
2007,1373,Lake Country,5,4,7,4,4,9,5,12,3,3,6,10,72
2007,1374,Glenmore,11,11,15,12,13,12,13,11,14,12,5,12,141
2007,1375,Downtown Kelowna,53,56,66,56,46,36,48,41,36,35,47,54,574
2007,1376,Rutland,22,22,28,25,27,20,22,29,16,23,12,26,272
2007,1377,Okanagan Mission,9,14,13,10,10,6,14,9,4,9,14,14,126
2007,1380,Summerland,9,10,7,13,17,11,13,5,15,12,14,14,140
2007,1390,Enderby,8,6,9,6,13,8,10,9,2,5,3,5,84
2007,1410,Revelstoke,2,6,4,1,8,4,6,5,2,7,4,2,51
2007,1420,Salmon Arm,31,27,27,21,27,31,28,20,20,23,38,34,327
2007,1431,Kamloops Centre North,40,33,24,32,31,37,32,24,24,29,26,31,363
2007,1432,Kamloops Centre South,32,34,24,29,23,24,27,35,27,26,23,24,328
2007,1433,Lower Thompson,18,8,11,9,15,4,11,10,10,8,12,8,124
2007,1440,100 Mile House,19,13,15,9,4,7,12,10,8,13,10,16,136
2007,1450,North Thompson,4,4,3,7,3,1,1,1,3,6,5,4,42
2007,1461,West Cariboo,3,1,5,2,2,3,2,2,3,2,3,4,32
2007,1462,Williams Lake/East Cariboo,17,11,9,9,20,15,14,10,12,14,12,17,160
2007,1470,Lillooet,2,3,2,7,0,5,2,1,2,3,2,3,32
2007,1480,South Cariboo,6,2,9,9,7,7,5,7,5,3,7,3,70
2007,1490,Merritt,8,6,9,11,10,12,11,3,17,9,13,6,115
2007,2110,Hope,8,7,14,6,7,15,8,7,16,11,5,6,110
2007,2121,South Chilliwack,20,21,33,22,23,14,24,24,22,25,23,24,275
2007,2122,North Chilliwack,35,35,40,38,38,27,40,32,32,26,37,38,418
2007,2131,Central Abbotsford,19,28,35,18,30,27,25,28,18,28,32,17,305
2007,2132,East Abbotsford,13,11,5,3,6,4,10,9,10,11,9,8,99
2007,2133,West Abbotsford,40,25,32,32,35,33,34,37,35,43,25,21,392
2007,2134,Abbotsford Rural,8,8,7,4,4,9,7,9,11,10,14,11,102
2007,2141,South Mission,20,17,24,18,19,17,14,12,18,16,19,25,219
2007,2142,North Mission,5,3,8,7,8,8,1,5,8,4,7,3,67
2007,2150,Agassiz/Harrison,4,7,8,5,6,3,4,8,3,5,7,7,67
2007,2210,New Westminster,49,41,45,47,40,44,38,35,48,39,30,48,504
2007,2221,Burnaby Northwest,32,20,20,19,16,19,23,23,21,18,20,22,253
2007,2222,Burnaby Northeast,12,15,13,23,19,12,17,9,17,14,12,20,183
2007,2223,Burnaby Southwest,59,40,57,49,50,36,44,34,42,37,40,42,530
2007,2224,Burnaby Southeast,50,27,44,24,40,20,35,32,29,43,31,33,408
2007,2231,Haney,26,25,26,25,13,13,22,16,16,14,24,32,252
2007,2232,Pitt Meadows,6,6,6,6,3,2,2,6,4,3,3,7,54
2007,2233,Maple Ridge Rural,16,18,18,15,14,17,18,14,21,28,18,24,221
2007,2241,North Coquitlam,6,4,3,3,3,3,4,2,5,6,4,6,49
2008,1110,Fernie,6,7,5,8,7,10,6,6,10,7,7,18,97
2008,1120,Cranbrook,24,11,18,13,16,11,16,12,10,18,14,20,183
2008,1130,Kimberley,7,9,8,8,9,6,5,6,6,8,4,9,85
2008,1140,Windermere,6,4,7,7,5,3,6,3,3,7,5,5,61
2008,1150,Creston,16,21,7,17,11,17,12,8,7,15,14,17,162
2008,1160,Golden,2,4,1,0,3,2,7,3,3,7,4,6,42
2008,1210,Kootenay Lake,6,2,1,2,4,1,3,2,5,2,0,1,29
2008,1220,Nelson,21,12,15,10,11,13,14,15,18,15,13,12,169
2008,1230,Castlegar,12,8,17,5,12,16,8,17,3,9,7,10,124
2008,1240,Arrow Lakes,6,3,3,6,5,4,7,3,5,1,3,5,51
2008,1250,Trail,20,9,25,17,14,23,19,12,20,13,16,19,207
2008,1260,Grand Forks,8,12,8,12,6,7,7,9,8,10,8,6,101
2008,1270,Kettle Valley,1,1,1,3,4,3,0,1,2,3,4,2,25
2008,1310,Southern Okanagan,25,15,28,25,27,28,22,18,25,20,16,21,270
2008,1320,Penticton,42,36,64,42,31,42,42,47,49,49,38,58,540
2008,1330,Keremeos,7,7,5,3,4,6,7,5,9,6,4,6,69
2008,1340,Princeton,3,4,4,5,3,4,13,6,3,4,6,10,65
2008,1350,Armstrong/Spallumcheen,7,5,3,7,9,4,6,9,6,5,5,6,72
2008,1361,Vernon Centre/Coldstream,67,49,45,48,40,39,56,35,44,37,39,40,539
2008,1362,North Okanagan/Lumby,4,3,4,2,9,6,8,6,8,3,3,7,63
2008,1371,Central Okanagan Rural,2,10,4,4,3,6,4,2,4,8,3,4,54
2008,1372,West Kelowna,32,27,46,25,27,12,21,18,24,31,31,15,309
2008,1373,Lake Country,9,7,9,4,7,4,7,3,2,9,5,6,72
2008,1374,Glenmore,17,13,12,15,17,12,15,14,11,17,17,11,171
2008,1375,Downtown Kelowna,61,46,58,39,54,42,45,44,34,47,59,39,568
2008,1376,Rutland,16,34,25,24,28,13,21,20,25,20,13,29,268
2008,1377,Okanagan Mission,8,7,7,9,11,6,8,9,7,8,9,7,96
2008,1380,Summerland,17,7,20,12,15,13,13,15,8,13,16,11,160
2008,1390,Enderby,6,7,11,10,6,7,8,5,7,5,10,8,90
2008,1410,Revelstoke,3,6,3,3,2,4,3,2,4,2,8,4,44
2008,1420,Salmon Arm,21,31,26,39,37,28,31,24,25,26,23,28,339
2008,1431,Kamloops Centre North,31,40,44,29,30,21,29,34,22,33,29,40,382
2008,1432,Kamloops Centre South,31,25,24,37,25,31,23,28,22,31,39,28,344
2008,1433,Lower Thompson,13,9,14,10,12,12,16,13,9,12,10,14,144
2008,1440,100 Mile House,14,16,15,13,13,15,10,10,7,9,11,9,142
2008,1450,North Thompson,6,3,1,6,4,8,4,7,3,5,7,6,60
2008,1461,West Cariboo,2,2,2,0,5,3,2,4,1,2,3,1,27
2008,1462,Williams Lake/East Cariboo,10,9,12,14,18,10,16,20,11,10,16,24,170
2008,1470,Lillooet,1,2,2,3,3,6,3,2,8,5,8,2,45
2008,1480,South Cariboo,5,5,6,5,1,8,5,9,8,5,9,4,70
2008,1490,Merritt,15,10,13,21,13,7,16,5,11,10,7,14,142
2008,2110,Hope,7,5,10,13,10,10,8,11,10,9,5,5,103
2008,2121,South Chilliwack,38,18,20,23,21,22,25,24,17,28,21,35,292
2008,2122,North Chilliwack,48,46,40,31,25,33,32,37,28,31,42,44,437
2008,2131,Central Abbotsford,33,30,33,31,32,33,24,32,16,17,24,30,335
2008,2132,East Abbotsford,11,5,9,10,5,4,9,10,8,12,8,9,100
2008,2133,West Abbotsford,39,31,42,42,33,44,29,33,38,34,32,36,433
2008,2134,Abbotsford Rural,9,16,10,9,12,3,7,5,6,8,10,8,103
2008,2141,South Mission,21,18,16,20,25,21,16,13,18,11,18,22,219
2008,2142,North Mission,6,5,8,9,7,10,5,7,5,5,6,7,80
2008,2150,Agassiz/Harrison,6,2,6,11,8,5,4,2,6,6,5,9,70
2008,2210,New Westminster,47,58,52,48,55,44,37,36,41,34,47,48,547
2008,2221,Burnaby Northwest,23,27,23,23,23,18,18,20,18,25,14,24,256
2008,2222,Burnaby Northeast,11,19,17,17,14,13,23,15,20,11,12,25,197
2008,2223,Burnaby Southwest,54,50,44,52,49,43,45,36,50,37,46,37,543
2008,2224,Burnaby Southeast,26,32,40,39,31,30,30,40,34,35,40,36,413
2008,2231,Haney,24,27,25,16,20,20,14,19,28,27,19,24,263
2008,2232,Pitt Meadows,3,7,13,4,12,5,13,3,11,5,9,7,92
2008,2233,Maple Ridge Rural,19,18,19,18,21,17,17,24,19,16,24,20,232
2008,2241,North Coquitlam,1,3,7,4,7,8,2,6,7,4,1,8,58
2009,1110,Fernie,9,5,7,8,9,8,7,11,9,6,8,7,94
2009,1120,Cranbrook,20,19,22,19,17,19,25,19,15,20,28,14,237
2009,1130,Kimberley,8,5,12,9,9,3,7,7,11,8,12,5,96
2009,1140,Windermere,2,4,0,2,6,5,2,6,4,4,6,6,47
2009,1150,Creston,15,13,13,9,23,13,12,14,16,14,4,15,161
2009,1160,Golden,2,2,2,4,4,6,3,1,2,8,3,2,39
2009,1210,Kootenay Lake,3,3,5,2,0,1,4,2,2,4,2,1,29
2009,1220,Nelson,22,15,19,19,14,12,18,14,15,14,17,11,190
2009,1230,Castlegar,9,7,9,10,9,10,8,6,7,15,10,7,107
2009,1240,Arrow Lakes,4,2,7,3,4,0,1,3,2,3,3,5,37
2009,1250,Trail,16,17,23,24,34,12,20,13,13,22,21,17,232
2009,1260,Grand Forks,6,7,18,9,6,12,11,8,5,7,10,9,108
2009,1270,Kettle Valley,3,0,3,0,5,1,1,3,2,3,0,2,23
2009,1310,Southern Okanagan,34,22,21,15,15,15,19,29,23,31,17,22,263
2009,1320,Penticton,64,47,52,52,40,36,45,48,43,47,50,50,574
2009,1330,Keremeos,6,8,4,4,6,3,6,1,4,8,7,8,65
2009,1340,Princeton,6,4,4,7,6,6,2,7,5,2,4,6,59
2009,1350,Armstrong/Spallumcheen,8,7,6,9,4,9,3,6,8,6,6,8,80
2009,1361,Vernon Centre/Coldstream,47,42,51,36,44,41,42,45,44,58,47,45,542
2009,1362,North Okanagan/Lumby,8,8,7,6,7,7,8,1,8,6,5,7,78
2009,1371,Central Okanagan Rural,5,7,8,4,2,3,2,4,2,2,5,5,49
2009,1372,West Kelowna,30,33,24,27,20,24,26,22,27,19,27,30,309
2009,1373,Lake Country,2,5,7,7,5,9,6,8,2,5,3,8,67
2009,1374,Glenmore,18,11,19,10,12,8,11,20,11,13,12,28,173
2009,1375,Downtown Kelowna,64,42,57,51,65,38,43,44,51,55,51,48,609
2009,1376,Rutland,19,20,27,22,19,14,19,21,23,26,21,19,250
2009,1377,Okanagan Mission,3,10,10,7,9,9,8,9,7,6,9,10,97
2009,1380,Summerland,11,12,12,15,10,7,12,12,13,10,9,10,133
2009,1390,Enderby,5,10,6,5,7,7,3,6,7,4,5,5,70
2009,1410,Revelstoke,8,7,5,5,1,3,5,7,3,9,4,5,62
2009,1420,Salmon Arm,35,36,28,35,25,20,27,35,14,31,32,24,342
2009,1431,Kamloops Centre North,34,36,46,35,29,26,25,34,25,36,40,46,412
2009,1432,Kamloops Centre South,19,29,32,19,24,21,31,25,27,21,24,26,298
2009,1433,Lower Thompson,18,5,7,7,11,7,12,17,15,9,12,10,130
2009,1440,100 Mile House,17,13,16,8,16,10,10,15,11,10,3,13,142
2009,1450,North Thompson,2,1,2,2,5,1,4,4,1,5,4,4,35
2009,1461,West Cariboo,3,2,3,1,0,2,2,3,2,4,1,1,24
2009,1462,Williams Lake/East Cariboo,17,18,21,14,12,16,13,16,18,11,10,16,182
2009,1470,Lillooet,10,4,2,4,4,5,5,4,1,3,2,4,48
2009,1480,South Cariboo,8,7,9,7,6,6,9,5,2,6,6,6,77
2009,1490,Merritt,6,9,15,3,12,8,11,6,8,14,8,2,102
2009,2110,Hope,9,8,13,9,8,5,11,14,9,2,5,8,101
2009,2121,South Chilliwack,16,24,19,18,23,29,23,20,28,16,20,25,261
2009,2122,North Chilliwack,48,41,32,41,41,37,35,45,41,38,49,33,481
2009,2131,Central Abbotsford,31,28,27,24,18,19,20,29,21,32,29,28,306
2009,2132,East Abbotsford,8,9,7,7,13,7,9,7,9,5,5,10,96
2009,2133,West Abbotsford,36,30,40,30,25,33,44,38,25,27,35,26,389
2009,2134,Abbotsford Rural,14,14,10,13,8,7,8,9,8,9,13,7,120
2009,2141,South Mission,14,18,16,11,25,12,20,20,15,18,11,19,199
2009,2142,North Mission,6,6,5,5,5,1,7,5,5,4,5,8,62
2009,2150,Agassiz/Harrison,5,10,5,5,9,3,13,6,5,5,5,6,77
2009,2210,New Westminster,42,52,36,42,42,30,45,48,35,44,36,30,482
2009,2221,Burnaby Northwest,19,19,27,22,19,20,17,15,15,29,24,26,252
2009,2222,Burnaby Northeast,18,10,14,16,12,19,13,13,10,14,10,15,164
2009,2223,Burnaby Southwest,51,42,40,39,48,43,48,55,42,47,42,41,538
2009,2224,Burnaby Southeast,36,38,39,36,27,27,33,31,27,31,33,32,390
2009,2231,Haney,26,26,23,20,20,21,25,27,21,22,23,26,280
2009,2232,Pitt Meadows,4,6,5,2,4,5,7,10,4,4,5,6,62
2009,2233,Maple Ridge Rural,22,25,29,26,20,15,17,14,27,21,25,15,256
2009,2241,North Coquitlam,8,5,9,5,6,5,6,4,4,6,9,3,70
2010,1110,Fernie,3,9,8,3,5,10,3,2,3,8,12,9,75
2010,1120,Cranbrook,18,19,19,21,23,16,17,20,16,14,12,21,216
2010,1130,Kimberley,6,4,6,10,8,7,5,2,8,2,11,10,79
2010,1140,Windermere,3,3,8,6,8,5,7,7,8,5,3,5,68
2010,1150,Creston,15,8,11,13,15,10,9,13,19,10,8,15,146
2010,1160,Golden,3,1,3,2,5,1,5,5,1,1,3,5,35
2010,1210,Kootenay Lake,2,3,2,1,3,4,4,1,3,2,4,6,35
2010,1220,Nelson,17,17,14,18,15,17,16,12,10,17,10,16,179
2010,1230,Castlegar,10,6,12,8,11,11,8,6,13,11,11,9,116
2010,1240,Arrow Lakes,4,3,3,5,4,5,2,2,5,5,2,4,44
2010,1250,Trail,27,18,24,13,20,18,25,20,31,24,16,16,252
2010,1260,Grand Forks,8,6,12,10,9,11,13,9,10,8,8,14,118
2010,1270,Kettle Valley,0,1,1,3,2,1,2,2,6,2,4,4,28
2010,1310,Southern Okanagan,23,24,22,21,20,18,24,22,13,18,16,17,238
2010,1320,Penticton,39,41,41,40,45,41,43,37,39,38,38,54,496
2010,1330,Keremeos,8,8,7,3,5,7,6,6,6,2,2,9,69
2010,1340,Princeton,6,5,5,5,8,4,6,6,4,5,6,5,65
2010,1350,Armstrong/Spallumcheen,6,7,8,10,6,5,11,5,9,12,6,8,93
2010,1361,Vernon Centre/Coldstream,45,36,29,56,50,47,54,46,27,36,48,54,528
2010,1362,North Okanagan/Lumby,12,10,9,1,9,7,5,7,8,10,6,9,93
2010,1371,Central Okanagan Rural,4,4,7,4,4,6,5,3,4,3,8,8,60
2010,1372,West Kelowna,24,31,32,20,25,22,20,31,25,21,26,26,303
2010,1373,Lake Country,8,4,9,3,2,7,7,9,4,6,4,6,69
2010,1374,Glenmore,12,12,12,9,14,19,13,19,9,15,20,16,170
2010,1375,Downtown Kelowna,49,52,46,51,44,49,55,44,44,49,39,48,570
2010,1376,Rutland,16,15,21,17,25,20,18,30,19,19,27,27,254
2010,1377,Okanagan Mission,11,2,5,10,11,9,11,7,9,10,5,11,101
2010,1380,Summerland,11,12,15,8,13,8,14,8,9,11,11,11,131
2010,1390,Enderby,8,8,6,3,4,6,6,10,8,8,6,8,81
2010,1410,Revelstoke,7,5,7,0,6,3,4,3,2,4,5,5,51
2010,1420,Salmon Arm,44,28,20,26,21,39,28,39,29,40,31,26,371
2010,1431,Kamloops Centre North,32,30,34,26,34,28,27,25,34,28,36,44,378
2010,1432,Kamloops Centre South,23,20,21,23,23,25,22,29,29,23,25,35,298
2010,1433,Lower Thompson,11,9,15,23,10,11,10,9,11,15,14,16,154
2010,1440,100 Mile House,8,14,5,9,14,12,7,9,10,13,13,11,125
2010,1450,North Thompson,3,3,4,4,0,6,4,6,6,1,1,2,40
2010,1461,West Cariboo,1,1,5,1,1,2,4,4,2,3,1,0,25
2010,1462,Williams Lake/East Cariboo,13,11,12,14,17,13,10,15,16,12,17,22,172
2010,1470,Lillooet,3,3,4,4,0,3,3,2,1,4,4,1,32
2010,1480,South Cariboo,7,5,4,8,5,10,8,6,3,5,9,1,71
2010,1490,Merritt,9,5,12,10,19,12,11,4,7,11,7,9,116
2010,2110,Hope,7,7,9,9,19,3,13,12,4,10,7,10,110
2010,2121,South Chilliwack,23,25,19,18,21,11,26,19,26,24,24,27,263
2010,2122,North Chilliwack,41,44,49,33,34,30,35,26,26,23,39,37,417
2010,2131,Central Abbotsford,27,28,40,30,26,32,20,29,18,23,27,41,341
2010,2132,East Abbotsford,10,9,8,14,7,11,10,10,5,6,8,10,108
2010,2133,West Abbotsford,24,25,31,31,35,27,28,29,26,28,27,30,341
2010,2134,Abbotsford Rural,12,5,10,15,13,9,11,13,5,12,6,16,127
2010,2141,South Mission,17,12,18,21,12,19,13,15,19,19,15,10,190
2010,2142,North Mission,3,7,5,5,5,5,6,2,6,10,9,10,73
2010,2150,Agassiz/Harrison,14,4,6,6,8,6,4,9,3,2,6,5,73
2010,2210,New Westminster,58,39,33,48,35,37,43,39,30,46,44,37,489
2010,2221,Burnaby Northwest,19,17,28,18,18,14,21,16,20,23,18,23,235
2010,2222,Burnaby Northeast,25,12,18,10,22,20,14,14,11,15,18,18,197
2010,2223,Burnaby Southwest,37,48,46,46,45,39,36,42,41,46,34,36,496
2010,2224,Burnaby Southeast,39,30,33,25,35,34,36,36,30,33,25,37,393
2010,2231,Haney,29,12,30,33,20,22,21,17,30,24,25,28,291
2010,2232,Pitt Meadows,8,7,9,11,6,8,6,7,9,9,9,9,98
2010,2233,Maple Ridge Rural,19,17,25,29,25,15,18,14,27,19,29,23,260
2010,2241,North Coquitlam,4,8,7,3,5,5,4,2,1,4,8,9,60
2011,1110,Fernie,8,5,10,9,8,7,8,11,7,11,6,5,95
2011,1120,Cranbrook,17,12,20,21,12,16,15,21,16,12,24,14,200
2011,1130,Kimberley,9,4,9,3,3,9,9,7,9,4,7,9,82
2011,1140,Windermere,14,3,5,6,3,10,6,4,6,5,5,7,74
2011,1150,Creston,14,11,13,11,14,15,16,14,6,11,16,18,159
2011,1160,Golden,1,1,6,5,4,4,0,4,4,4,6,2,41
2011,1210,Kootenay Lake,4,1,0,2,3,5,2,3,6,2,3,6,37
2011,1220,Nelson,27,25,14,12,13,15,14,9,13,7,13,22,184
2011,1230,Castlegar,8,11,14,9,9,8,13,11,12,15,12,7,129
2011,1240,Arrow Lakes,7,1,6,5,4,1,5,3,9,10,8,6,65
2011,1250,Trail,18,12,13,12,20,20,19,18,10,15,17,11,185
2011,1260,Grand Forks,8,11,11,10,6,11,4,7,8,13,11,9,109
2011,1270,Kettle Valley,3,1,5,2,3,3,0,7,2,1,3,2,32
2011,1310,Southern Okanagan,28,25,27,23,24,14,20,18,22,17,25,21,264
2011,1320,Penticton,56,35,46,47,30,45,40,38,40,49,37,54,517
2011,1330,Keremeos,6,4,7,7,3,5,6,7,4,4,4,2,59
2011,1340,Princeton,5,7,6,5,5,10,3,4,3,4,9,3,64
2011,1350,Armstrong/Spallumcheen,7,1,6,4,6,8,5,6,2,5,8,9,67
2011,1361,Vernon Centre/Coldstream,52,55,40,42,48,44,55,37,43,52,50,45,563
2011,1362,North Okanagan/Lumby,9,8,3,13,7,2,6,8,6,9,7,7,85
2011,1371,Central Okanagan Rural,3,4,3,6,6,0,4,4,4,3,9,4,50
2011,1372,West Kelowna,36,22,19,27,27,26,28,25,19,24,23,25,301
2011,1373,Lake Country,3,9,4,9,4,4,4,5,10,4,5,9,70
2011,1374,Glenmore,9,16,25,18,12,20,10,13,21,16,14,15,189
2011,1375,Downtown Kelowna,45,44,56,59,44,41,40,40,33,42,46,54,544
2011,1376,Rutland,22,16,21,22,12,25,11,22,16,18,29,23,237
2011,1377,Okanagan Mission,14,6,13,15,10,12,15,12,10,9,14,9,139
2011,1380,Summerland,8,8,13,21,10,12,15,10,10,15,15,17,154
2011,1390,Enderby,10,7,3,10,6,3,5,8,10,7,4,6,79
2011,1410,Revelstoke,5,2,7,10,13,2,3,5,10,2,2,4,65
2011,1420,Salmon Arm,25,28,20,15,30,30,26,25,26,31,20,33,309
2011,1431,Kamloops Centre North,36,38,34,39,34,43,37,34,38,42,36,43,454
2011,1432,Kamloops Centre South,37,21,27,28,34,29,26,30,28,25,29,32,346
2011,1433,Lower Thompson,12,12,12,8,8,10,8,18,8,7,14,5,122
2011,1440,100 Mile House,11,15,13,10,12,7,8,10,17,7,8,11,129
2011,1450,North Thompson,4,4,1,1,4,1,1,3,2,0,5,2,28
2011,1461,West Cariboo,2,3,1,2,3,1,2,3,1,0,4,2,24
2011,1462,Williams Lake/East Cariboo,10,8,14,13,11,14,15,12,16,8,13,11,145
2011,1470,Lillooet,2,1,4,4,3,4,2,7,2,4,5,2,40
2011,1480,South Cariboo,8,8,2,8,6,8,6,7,3,5,5,3,69
2011,1490,Merritt,11,6,17,9,8,9,5,11,8,2,8,10,104
2011,2110,Hope,8,10,11,5,16,5,7,9,3,6,8,6,94
2011,2121,South Chilliwack,28,15,29,15,17,18,17,26,15,23,29,31,263
2011,2122,North Chilliwack,37,46,35,33,33,30,25,40,35,32,34,47,427
2011,2131,Central Abbotsford,34,25,26,15,29,26,19,16,18,25,27,31,291
2011,2132,East Abbotsford,8,6,6,17,5,11,11,8,7,19,16,9,123
2011,2133,West Abbotsford,31,28,44,26,39,37,31,31,30,40,35,34,406
2011,2134,Abbotsford Rural,8,11,12,13,11,10,11,11,8,10,11,11,127
2011,2141,South Mission,23,16,18,21,18,16,17,15,21,24,13,18,220
2011,2142,North Mission,9,6,2,3,3,8,7,8,6,4,8,10,74
2011,2150,Agassiz/Harrison,10,4,6,2,5,6,6,11,7,9,10,6,82
2011,2210,New Westminster,41,38,38,36,36,47,41,42,42,26,31,45,463
2011,2221,Burnaby Northwest,25,22,24,17,23,21,24,23,18,22,16,25,260
2011,2222,Burnaby Northeast,16,12,16,14,20,11,12,13,15,13,10,18,170
2011,2223,Burnaby Southwest,40,44,45,35,40,31,41,41,50,32,60,36,495
2011,2224,Burnaby Southeast,25,36,24,32,34,29,32,48,41,31,25,33,390
2011,2231,Haney,29,20,27,32,20,29,23,18,21,34,26,20,299
2011,2232,Pitt Meadows,9,9,8,6,4,4,9,7,5,11,8,6,86
2011,2233,Maple Ridge Rural,21,17,16,19,15,16,25,22,29,9,15,15,219
2011,2241,North Coquitlam,13,4,2,5,6,5,11,2,8,5,6,9,76
2012,1110,Fernie,7,13,3,9,6,5,6,5,7,7,8,9,85
2012,1120,Cranbrook,25,9,28,14,20,16,15,15,21,21,19,18,221
2012,1130,Kimberley,8,2,7,11,5,9,6,7,4,7,5,6,77
2012,1140,Windermere,10,5,4,8,2,5,4,2,11,2,2,8,63
2012,1150,Creston,20,14,16,15,13,7,3,12,10,15,10,19,154
2012,1160,Golden,4,3,2,3,2,5,2,1,4,6,3,3,38
2012,1210,Kootenay Lake,2,2,2,8,4,4,9,3,2,4,2,6,48
2012,1220,Nelson,17,14,16,17,18,23,8,20,23,17,17,13,203
2012,1230,Castlegar,8,5,7,10,7,16,12,10,11,15,9,9,119
2012,1240,Arrow Lakes,4,4,1,3,4,4,5,3,0,4,4,4,40
2012,1250,Trail,14,15,31,17,15,13,18,14,12,14,15,10,188
2012,1260,Grand Forks,8,15,8,7,7,8,14,8,6,15,9,8,113
2012,1270,Kettle Valley,1,4,3,4,3,0,3,0,2,1,3,1,25
2012,1310,Southern Okanagan,30,21,21,21,28,17,25,16,16,21,22,22,260
2012,1320,Penticton,41,49,40,58,58,29,43,42,43,40,40,56,539
2012,1330,Keremeos,6,5,5,8,4,4,5,4,8,8,9,8,74
2012,1340,Princeton,5,2,7,6,4,4,6,15,6,6,4,4,69
2012,1350,Armstrong/Spallumcheen,5,9,6,4,14,3,7,8,4,6,8,11,85
2012,1361,Vernon Centre/Coldstream,60,37,59,58,53,42,53,45,51,60,47,53,618
2012,1362,North Okanagan/Lumby,6,5,10,12,7,9,6,12,8,8,10,12,105
2012,1371,Central Okanagan Rural,0,4,4,5,4,3,6,3,5,7,1,8,50
2012,1372,West Kelowna,27,31,27,27,27,31,19,27,16,34,33,34,333
2012,1373,Lake Country,8,5,3,12,7,8,4,4,10,3,5,3,72
2012,1374,Glenmore,20,19,19,22,19,12,15,18,11,12,23,17,207
2012,1375,Downtown Kelowna,53,53,59,40,52,39,40,54,48,61,32,45,576
2012,1376,Rutland,31,19,18,25,23,25,17,19,25,23,12,20,257
2012,1377,Okanagan Mission,12,13,10,9,13,6,9,6,7,5,10,15,115
2012,1380,Summerland,11,17,11,18,12,11,12,14,16,7,11,20,160
2012,1390,Enderby,4,8,9,5,7,6,7,4,6,5,9,3,73
2012,1410,Revelstoke,4,5,8,2,3,2,4,2,2,5,10,5,52
2012,1420,Salmon Arm,31,27,36,26,26,33,30,22,26,32,23,26,338
2012,1431,Kamloops Centre North,30,31,42,36,41,39,43,29,36,38,44,38,447
2012,1432,Kamloops Centre South,31,30,22,20,28,29,18,38,18,31,23,24,312
2012,1433,Lower Thompson,11,10,9,12,14,15,15,12,11,9,11,11,140
2012,1440,100 Mile House,13,7,15,15,8,11,14,16,17,18,11,14,159
2012,1450,North Thompson,1,3,3,6,5,3,2,3,2,0,7,5,40
2012,1461,West Cariboo,0,2,4,2,8,1,2,2,0,0,1,1,23
2012,1462,Williams Lake/East Cariboo,22,13,12,14,16,19,12,17,17,14,20,14,190
2012,1470,Lillooet,4,4,2,1,4,0,0,1,3,3,3,4,29
2012,1480,South Cariboo,6,6,8,5,8,6,7,7,5,4,4,14,80
2012,1490,Merritt,12,10,9,16,5,8,14,12,9,11,7,10,123
2012,2110,Hope,9,8,5,7,4,5,11,7,7,10,6,14,93
2012,2121,South Chilliwack,23,27,19,21,25,28,21,18,18,24,16,29,269
2012,2122,North Chilliwack,44,55,32,19,46,40,30,34,38,41,37,38,454
2012,2131,Central Abbotsford,27,30,23,29,24,32,35,30,23,31,30,18,332
2012,2132,East Abbotsford,12,9,9,13,8,8,17,9,8,11,8,20,132
2012,2133,West Abbotsford,39,28,32,35,32,31,37,40,33,33,29,35,404
2012,2134,Abbotsford Rural,12,12,11,5,13,12,9,14,4,10,6,13,121
2012,2141,South Mission,19,17,23,14,11,16,16,18,11,19,15,20,199
2012,2142,North Mission,4,7,6,13,3,7,6,7,4,4,6,5,72
2012,2150,Agassiz/Harrison,8,10,6,9,8,9,3,9,8,7,6,11,94
2012,2210,New Westminster,52,37,33,29,41,31,33,30,44,36,37,42,445
2012,2221,Burnaby Northwest,26,25,23,21,20,17,20,17,18,21,26,17,251
2012,2222,Burnaby Northeast,18,15,10,12,14,19,17,11,17,11,20,24,188
2012,2223,Burnaby Southwest,43,44,35,37,42,37,29,35,33,39,50,51,475
2012,2224,Burnaby Southeast,32,29,48,25,28,28,42,29,37,30,43,33,404
2012,2231,Haney,22,20,25,30,26,19,19,17,20,21,19,24,262
2012,2232,Pitt Meadows,3,3,10,8,7,2,5,4,6,10,8,10,76
2012,2233,Maple Ridge Rural,17,24,14,21,23,14,23,14,16,18,16,24,224
2012,2241,North Coquitlam,7,4,3,9,3,4,8,5,6,6,7,5,67
2013,1110,Fernie,3,5,13,8,10,6,3,9,8,6,4,4,79
2013,1120,Cranbrook,19,18,17,15,11,12,23,14,16,21,22,19,207
2013,1130,Kimberley,8,2,8,7,9,8,3,8,9,4,9,6,81
2013,1140,Windermere,5,4,6,2,5,5,8,6,6,8,5,6,66
2013,1150,Creston,15,15,11,9,14,14,16,14,9,13,18,8,156
2013,1160,Golden,6,1,2,1,2,5,2,4,2,4,3,4,36
2013,1210,Kootenay Lake,0,2,3,2,3,0,3,6,2,3,1,3,28
2013,1220,Nelson,16,17,19,23,13,17,16,15,20,18,18,13,205
2013,1230,Castlegar,10,10,4,13,10,5,12,10,15,11,10,9,119
2013,1240,Arrow Lakes,6,3,6,4,4,7,1,3,0,4,5,5,48
2013,1250,Trail,24,14,19,21,12,15,19,17,17,20,19,16,213
2013,1260,Grand Forks,12,14,9,12,7,10,9,9,6,9,9,4,110
2013,1270,Kettle Valley,3,2,2,1,1,1,3,2,6,7,2,4,34
2013,1310,Southern Okanagan,32,16,23,21,21,14,21,23,24,28,33,20,276
2013,1320,Penticton,51,37,45,42,46,47,40,48,49,44,53,41,543
2013,1330,Keremeos,5,7,6,7,3,4,7,5,9,5,2,7,67
2013,1340,Princeton,8,4,7,2,2,5,4,2,6,5,5,3,53
2013,1350,Armstrong/Spallumcheen,3,4,14,3,10,6,9,4,12,8,6,12,91
2013,1361,Vernon Centre/Coldstream,52,48,51,47,39,45,42,50,49,51,38,49,561
2013,1362,North Okanagan/Lumby,8,5,10,7,5,12,13,11,5,12,7,17,112
2013,1371,Central Okanagan Rural,3,4,5,3,6,5,6,4,3,8,2,6,55
2013,1372,West Kelowna,20,18,36,34,27,19,27,22,23,19,39,22,306
2013,1373,Lake Country,7,8,7,6,6,9,12,6,10,6,8,5,90
2013,1374,Glenmore,14,23,18,16,20,21,13,13,17,14,14,17,200
2013,1375,Downtown Kelowna,71,44,49,41,54,35,38,43,34,35,52,55,551
2013,1376,Rutland,28,23,18,22,24,16,22,16,30,34,20,23,276
2013,1377,Okanagan Mission,10,9,6,6,14,8,7,9,6,6,10,7,98
2013,1380,Summerland,13,10,10,15,9,10,14,15,5,10,12,9,132
2013,1390,Enderby,8,9,6,7,9,9,7,7,8,6,10,5,91
2013,1410,Revelstoke,6,5,6,5,4,3,5,8,2,3,6,2,55
2013,1420,Salmon Arm,36,33,30,37,34,37,24,35,31,37,39,30,403
2013,1431,Kamloops Centre North,43,35,39,44,48,33,29,42,32,39,50,50,484
2013,1432,Kamloops Centre South,34,28,30,38,26,31,30,20,22,26,32,38,355
2013,1433,Lower Thompson,8,11,13,14,15,14,12,10,7,13,15,22,154
2013,1440,100 Mile House,17,11,10,12,10,17,11,7,10,9,13,7,134
2013,1450,North Thompson,2,3,4,5,5,3,2,4,4,3,1,3,39
2013,1461,West Cariboo,2,1,1,1,1,2,0,1,4,2,2,1,18
2013,1462,Williams Lake/East Cariboo,22,12,18,11,10,16,14,11,15,16,15,15,175
2013,1470,Lillooet,7,3,5,1,6,3,4,0,2,1,3,0,35
2013,1480,South Cariboo,5,6,5,8,8,6,6,5,7,4,5,7,72
2013,1490,Merritt,10,9,10,8,12,17,7,4,10,12,6,9,114
2013,2110,Hope,10,8,9,7,10,9,8,9,4,7,7,7,95
2013,2121,South Chilliwack,20,20,26,37,24,27,22,25,20,31,22,36,310
2013,2122,North Chilliwack,55,45,45,50,39,43,31,43,23,41,44,39,498
2013,2131,Central Abbotsford,38,29,23,23,30,27,21,26,14,27,23,29,310
2013,2132,East Abbotsford,11,13,13,9,11,9,6,8,12,8,9,8,117
2013,2133,West Abbotsford,43,28,32,42,24,23,34,41,38,40,30,30,405
2013,2134,Abbotsford Rural,8,8,7,12,12,7,6,11,9,8,4,6,98
2013,2141,South Mission,14,26,19,16,21,10,17,18,11,22,12,16,202
2013,2142,North Mission,13,6,4,4,10,5,6,8,8,3,9,9,85
2013,2150,Agassiz/Harrison,5,4,5,6,6,5,6,4,15,9,6,11,82
2013,2210,New Westminster,39,36,45,53,42,41,44,43,37,35,35,39,489
2013,2221,Burnaby Northwest,18,17,20,20,20,19,23,24,18,25,21,23,248
2013,2222,Burnaby Northeast,21,12,16,17,17,12,9,8,9,12,19,16,168
2013,2223,Burnaby Southwest,44,37,38,26,45,42,32,47,37,36,42,40,466
2013,2224,Burnaby Southeast,46,38,34,34,31,34,25,37,34,36,24,44,417
2013,2231,Haney,30,19,34,26,28,17,27,28,21,21,29,19,299
2013,2232,Pitt Meadows,7,5,8,12,9,11,8,10,4,8,9,7,98
2013,2233,Maple Ridge Rural,24,12,15,22,18,18,18,21,14,23,28,23,236
2013,2241,North Coquitlam,3,4,6,9,4,9,6,7,10,12,5,8,83
2014,1110,Fernie,10,12,10,6,7,3,6,6,7,8,10,10,95
2014,1120,Cranbrook,22,15,19,21,14,20,20,10,21,19,15,16,212
2014,1130,Kimberley,7,6,11,6,8,7,8,5,6,9,0,11,84
2014,1140,Windermere,3,9,2,2,5,6,2,4,6,6,10,6,61
2014,1150,Creston,20,6,13,16,12,11,13,16,10,19,13,21,170
2014,1160,Golden,0,8,1,3,6,3,8,5,5,4,2,2,47
2014,1210,Kootenay Lake,2,1,5,3,1,3,1,0,4,5,3,5,33
2014,1220,Nelson,25,19,17,18,18,20,16,19,13,23,13,17,218
2014,1230,Castlegar,13,10,7,14,12,13,10,8,10,13,10,8,128
2014,1240,Arrow Lakes,7,6,0,1,6,5,8,5,3,6,3,6,56
2014,1250,Trail,14,16,23,15,21,11,21,11,21,25,18,21,217
2014,1260,Grand Forks,9,10,10,9,11,11,8,11,12,15,16,13,135
2014,1270,Kettle Valley,2,1,4,5,3,5,2,4,4,2,1,2,35
2014,1310,Southern Okanagan,20,19,26,22,20,19,21,15,18,26,24,33,263
2014,1320,Penticton,37,32,46,44,53,39,31,43,32,46,51,58,512
2014,1330,Keremeos,8,2,8,8,9,5,10,6,5,6,7,8,82
2014,1340,Princeton,8,6,2,6,4,4,6,3,5,7,1,6,58
2014,1350,Armstrong/Spallumcheen,4,7,6,7,6,4,3,6,5,6,9,9,72
2014,1361,Vernon Centre/Coldstream,53,55,52,40,41,55,53,33,56,51,43,64,596
2014,1362,North Okanagan/Lumby,10,10,10,10,15,7,11,6,6,12,11,6,114
2014,1371,Central Okanagan Rural,6,4,6,8,2,5,2,2,5,3,2,3,48
2014,1372,West Kelowna,34,37,41,22,31,27,17,26,36,22,36,29,358
2014,1373,Lake Country,6,2,2,9,6,4,7,6,9,8,3,6,68
2014,1374,Glenmore,12,12,17,21,12,18,18,18,17,17,19,10,191
2014,1375,Downtown Kelowna,44,58,54,49,48,41,27,40,40,44,45,48,538
2014,1376,Rutland,19,13,21,24,28,20,21,18,16,28,25,31,264
2014,1377,Okanagan Mission,12,18,10,8,8,14,8,6,10,9,6,12,121
2014,1380,Summerland,15,16,12,8,19,10,10,11,11,12,11,17,152
2014,1390,Enderby,6,6,4,7,8,7,7,2,4,1,5,6,63
2014,1410,Revelstoke,8,3,7,5,6,4,3,6,4,4,8,3,61
2014,1420,Salmon Arm,35,25,26,25,33,26,29,30,31,29,35,28,352
2014,1431,Kamloops Centre North,46,32,37,43,33,36,46,39,44,57,44,41,498
2014,1432,Kamloops Centre South,28,33,31,28,29,19,31,17,36,19,36,21,328
2014,1433,Lower Thompson,16,10,14,14,17,10,18,17,10,14,12,10,162
2014,1440,100 Mile House,12,4,6,9,15,7,9,11,13,10,14,13,123
2014,1450,North Thompson,3,1,6,3,6,6,2,2,3,3,2,2,39
2014,1461,West Cariboo,3,2,1,0,0,0,1,4,2,2,3,3,21
2014,1462,Williams Lake/East Cariboo,15,15,11,19,21,9,15,17,9,23,14,19,187
2014,1470,Lillooet,3,5,2,6,5,2,3,4,2,3,4,3,42
2014,1480,South Cariboo,7,5,6,8,8,11,4,7,11,6,4,6,83
2014,1490,Merritt,18,11,11,9,13,6,11,11,13,14,4,12,133
2014,2110,Hope,8,12,8,9,5,12,14,9,10,7,6,13,113
2014,2121,South Chilliwack,31,17,24,30,22,28,31,33,17,32,32,32,329
2014,2122,North Chilliwack,46,40,52,31,40,30,39,30,33,31,57,46,475
2014,2131,Central Abbotsford,25,23,28,16,24,25,29,28,27,23,36,37,321
2014,2132,East Abbotsford,9,8,15,11,8,12,10,9,10,11,13,11,127
2014,2133,West Abbotsford,38,30,42,31,40,30,30,27,28,42,26,38,402
2014,2134,Abbotsford Rural,7,13,17,10,6,9,10,10,5,10,12,12,121
2014,2141,South Mission,22,11,12,21,13,18,13,19,30,12,17,20,208
2014,2142,North Mission,6,10,9,13,7,8,4,10,9,7,7,10,100
2014,2150,Agassiz/Harrison,4,9,7,7,6,5,6,2,4,8,6,7,71
2014,2210,New Westminster,50,33,33,43,38,35,33,48,36,42,52,53,496
2014,2221,Burnaby Northwest,21,20,30,22,28,27,22,14,28,18,27,27,284
2014,2222,Burnaby Northeast,14,21,14,19,17,7,16,10,12,15,13,15,173
2014,2223,Burnaby Southwest,41,34,42,44,35,43,42,40,45,40,32,38,476
2014,2224,Burnaby Southeast,38,33,37,39,47,22,31,29,34,27,36,34,407
2014,2231,Haney,32,22,36,30,23,31,24,27,20,23,25,41,334
2014,2232,Pitt Meadows,9,7,5,5,4,3,8,5,8,9,6,11,80
2014,2233,Maple Ridge Rural,23,20,29,18,25,25,28,17,20,22,9,23,259
2014,2241,North Coquitlam,7,9,7,10,10,9,8,9,6,6,9,9,99
2015,1110,Fernie,9,5,4,7,12,7,2,8,7,7,7,9,84
2015,1120,Cranbrook,38,21,14,17,26,19,26,21,17,25,17,15,256
2015,1130,Kimberley,7,7,6,9,6,7,6,11,11,9,2,8,89
2015,1140,Windermere,6,8,5,6,3,5,6,5,4,9,12,10,79
2015,1150,Creston,15,11,18,13,10,11,11,16,19,11,13,16,164
2015,1160,Golden,4,0,1,6,8,5,2,6,8,5,3,3,51
2015,1210,Kootenay Lake,1,3,2,2,2,1,4,2,7,0,2,3,29
2015,1220,Nelson,13,15,11,19,17,15,17,22,26,19,15,18,207
2015,1230,Castlegar,13,8,15,10,11,9,9,10,5,15,8,7,120
2015,1240,Arrow Lakes,3,2,5,3,8,7,5,6,5,3,8,4,59
2015,1250,Trail,23,26,15,18,17,11,16,12,13,13,16,26,206
2015,1260,Grand Forks,20,9,11,14,8,12,6,6,16,12,9,15,138
2015,1270,Kettle Valley,0,1,2,0,2,2,4,1,5,3,3,4,27
2015,1310,Southern Okanagan,28,16,25,27,23,18,23,27,24,22,26,29,288
2015,1320,Penticton,45,50,54,52,58,47,53,42,39,52,56,58,606
2015,1330,Keremeos,8,11,1,8,5,7,7,6,6,9,1,7,76
2015,1340,Princeton,10,5,7,5,4,2,7,6,7,4,6,4,67
2015,1350,Armstrong/Spallumcheen,7,10,13,4,14,10,8,3,8,3,12,9,101
2015,1361,Vernon Centre/Coldstream,51,50,43,47,50,50,40,45,47,59,43,55,580
2015,1362,North Okanagan/Lumby,10,6,6,12,16,9,9,5,8,15,7,13,116
2015,1371,Central Okanagan Rural,6,3,5,5,1,2,6,4,0,2,7,5,46
2015,1372,West Kelowna,38,24,38,32,30,33,30,23,39,23,33,40,383
2015,1373,Lake Country,8,5,6,9,7,7,5,6,3,9,4,5,74
2015,1374,Glenmore,18,16,24,23,20,12,14,21,16,18,20,30,232
2015,1375,Downtown Kelowna,58,51,63,36,50,53,43,49,41,48,45,58,595
2015,1376,Rutland,39,22,19,25,26,28,15,31,22,26,15,19,287
2015,1377,Okanagan Mission,12,11,10,11,15,10,6,15,13,9,13,11,136
2015,1380,Summerland,17,15,17,7,21,9,14,12,20,16,11,17,176
2015,1390,Enderby,6,6,7,6,4,6,8,5,8,12,5,4,77
2015,1410,Revelstoke,9,5,3,2,9,3,3,7,4,3,5,3,56
2015,1420,Salmon Arm,34,37,33,29,27,21,37,30,22,37,33,34,374
2015,1431,Kamloops Centre North,47,31,47,42,46,45,47,39,35,43,34,48,504
2015,1432,Kamloops Centre South,42,33,28,31,30,18,29,28,26,24,24,35,348
2015,1433,Lower Thompson,14,14,13,15,12,12,10,17,16,14,18,8,163
2015,1440,100 Mile House,14,8,9,12,7,11,10,16,2,16,8,15,128
2015,1450,North Thompson,2,5,2,2,4,4,2,5,3,7,4,1,41
2015,1461,West Cariboo,0,1,3,2,0,2,2,2,3,3,3,0,21
2015,1462,Williams Lake/East Cariboo,18,15,21,14,17,15,12,10,15,12,9,12,170
2015,1470,Lillooet,6,6,2,0,4,3,3,4,5,6,3,5,47
2015,1480,South Cariboo,4,4,6,10,6,10,0,4,5,6,10,4,69
2015,1490,Merritt,10,20,11,11,14,11,10,3,9,3,10,13,125
2015,2110,Hope,16,9,11,9,13,6,12,6,11,13,4,8,118
2015,2121,South Chilliwack,29,26,25,24,27,28,32,24,33,37,30,32,347
2015,2122,North Chilliwack,41,36,44,46,32,34,38,37,42,46,31,31,458
2015,2131,Central Abbotsford,34,30,21,21,21,14,42,32,28,35,18,40,336
2015,2132,East Abbotsford,11,17,6,15,16,11,13,14,8,5,9,15,140
2015,2133,West Abbotsford,33,25,45,42,39,30,41,35,33,37,42,46,448
2015,2134,Abbotsford Rural,9,15,12,8,10,7,12,14,10,12,16,9,134
2015,2141,South Mission,16,16,19,18,20,16,16,23,18,18,16,15,211
2015,2142,North Mission,7,10,11,9,7,8,5,6,9,8,5,10,95
2015,2150,Agassiz/Harrison,9,6,7,7,8,6,7,9,9,5,8,9,90
2015,2210,New Westminster,45,42,46,50,51,45,47,30,29,47,40,63,535
2015,2221,Burnaby Northwest,31,17,29,19,22,23,23,24,21,23,17,28,277
2015,2222,Burnaby Northeast,20,19,15,6,10,13,15,17,12,11,24,12,174
2015,2223,Burnaby Southwest,51,33,39,37,46,46,44,35,50,41,41,55,518
2015,2224,Burnaby Southeast,47,34,29,46,45,31,37,36,32,45,23,43,448
2015,2231,Haney,33,27,24,27,31,20,22,27,38,37,30,25,341
2015,2232,Pitt Meadows,19,10,11,6,14,11,13,10,8,5,13,12,132
2015,2233,Maple Ridge Rural,25,18,21,22,27,12,22,22,25,20,23,26,263
2015,2241,North Coquitlam,12,7,6,7,8,7,10,5,4,3,5,8,82
2016,1110,Fernie,7,10,8,12,7,2,7,4,10,9,10,11,97
2016,1120,Cranbrook,22,19,21,22,15,16,17,15,16,15,10,26,214
2016,1130,Kimberley,6,5,4,7,10,5,5,7,8,10,10,13,90
2016,1140,Windermere,10,4,11,7,5,8,7,3,7,8,6,13,89
2016,1150,Creston,13,10,12,17,15,12,6,14,17,16,12,16,160
2016,1160,Golden,2,8,4,5,6,4,2,3,2,12,8,4,60
2016,1210,Kootenay Lake,1,3,1,3,2,1,5,2,2,2,3,3,28
2016,1220,Nelson,20,22,27,21,19,14,24,14,19,13,18,19,230
2016,1230,Castlegar,13,14,11,15,13,12,17,8,14,13,17,10,157
2016,1240,Arrow Lakes,5,4,5,3,5,2,6,4,4,5,4,4,51
2016,1250,Trail,17,12,15,11,15,17,20,20,17,22,17,25,208
2016,1260,Grand Forks,12,6,9,11,10,5,5,16,5,17,17,7,120
2016,1270,Kettle Valley,3,0,9,1,3,1,4,2,1,5,2,3,34
2016,1310,Southern Okanagan,31,22,30,27,22,26,20,24,21,34,24,30,311
2016,1320,Penticton,42,54,62,55,48,54,64,47,45,64,44,67,646
2016,1330,Keremeos,3,6,9,5,9,7,5,2,5,10,5,5,71
2016,1340,Princeton,5,6,6,5,7,5,3,8,8,5,10,8,76
2016,1350,Armstrong/Spallumcheen,7,7,4,10,9,6,13,4,1,10,10,6,87
2016,1361,Vernon Centre/Coldstream,49,44,54,55,40,57,43,46,57,55,57,58,615
2016,1362,North Okanagan/Lumby,11,13,6,6,16,7,10,6,9,10,8,7,109
2016,1371,Central Okanagan Rural,1,3,4,9,4,3,6,8,3,1,5,7,54
2016,1372,West Kelowna,34,29,36,48,23,25,37,35,29,39,29,35,399
2016,1373,Lake Country,6,10,7,12,4,7,4,7,6,6,9,7,85
2016,1374,Glenmore,22,26,13,22,13,23,18,14,21,17,11,18,218
2016,1375,Downtown Kelowna,61,55,52,42,55,43,47,44,47,61,59,66,632
2016,1376,Rutland,34,22,30,27,25,25,14,23,25,21,20,31,297
2016,1377,Okanagan Mission,10,13,9,13,10,14,8,8,7,14,13,14,133
2016,1380,Summerland,19,11,19,13,13,9,17,13,10,12,11,14,161
2016,1390,Enderby,4,8,6,4,5,6,5,9,6,7,4,7,71
2016,1410,Revelstoke,8,3,10,5,2,5,4,8,2,7,2,6,62
2016,1420,Salmon Arm,34,35,35,33,21,44,31,32,31,41,29,40,406
2016,1431,Kamloops Centre North,48,39,35,59,37,43,35,35,50,50,56,50,537
2016,1432,Kamloops Centre South,38,29,31,26,21,29,30,31,32,35,30,42,374
2016,1433,Lower Thompson,21,17,16,11,13,10,13,4,9,20,15,9,158
2016,1440,100 Mile House,14,15,13,8,10,15,14,13,10,16,16,13,157
2016,1450,North Thompson,5,6,5,1,3,5,3,1,3,2,3,6,43
2016,1461,West Cariboo,4,2,3,1,3,5,1,1,2,3,2,2,29
2016,1462,Williams Lake/East Cariboo,20,21,25,28,15,15,19,14,20,10,18,22,227
2016,1470,Lillooet,5,6,3,3,8,1,3,5,1,2,2,5,44
2016,1480,South Cariboo,6,2,3,8,6,12,9,7,4,12,7,9,85
2016,1490,Merritt,11,7,7,11,12,9,5,11,5,8,12,12,110
2016,2110,Hope,8,12,4,6,7,10,11,7,12,8,16,14,115
2016,2121,South Chilliwack,26,37,23,33,29,22,34,25,29,24,31,31,344
2016,2122,North Chilliwack,47,36,40,36,41,43,40,39,30,60,43,55,510
2016,2131,Central Abbotsford,32,31,31,30,29,30,36,23,24,31,26,42,365
2016,2132,East Abbotsford,18,17,8,7,5,2,9,9,13,12,16,13,129
2016,2133,West Abbotsford,50,30,43,31,54,32,37,45,40,34,44,53,493
2016,2134,Abbotsford Rural,14,11,17,9,13,14,7,10,9,11,13,17,145
2016,2141,South Mission,19,15,28,17,20,20,18,22,12,16,22,19,228
2016,2142,North Mission,7,8,7,10,8,7,4,10,4,9,4,7,85
2016,2150,Agassiz/Harrison,12,10,4,10,19,2,8,7,5,10,10,14,111
2016,2210,New Westminster,53,40,46,41,46,42,47,51,44,34,45,48,537
2016,2221,Burnaby Northwest,25,24,20,17,19,15,22,22,18,27,21,29,259
2016,2222,Burnaby Northeast,15,21,19,10,25,19,16,21,14,14,6,15,195
2016,2223,Burnaby Southwest,50,39,52,45,36,40,34,55,30,37,40,42,500
2016,2224,Burnaby Southeast,48,30,29,26,27,31,35,39,31,31,32,46,405
2016,2231,Haney,26,31,39,32,28,16,24,32,19,26,21,32,326
2016,2232,Pitt Meadows,10,8,6,8,9,13,5,6,11,11,9,12,108
2016,2233,Maple Ridge Rural,15,22,28,30,28,26,20,25,26,21,29,35,305
2016,2241,North Coquitlam,3,9,6,5,8,8,9,11,10,4,8,7,88
2017,1110,Fernie,14,9,6,10,13,6,10,10,12,10,5,11,116
2017,1120,Cranbrook,26,21,22,24,22,18,22,16,17,20,27,19,254
2017,1130,Kimberley,8,8,9,8,8,10,7,11,6,11,8,11,105
2017,1140,Windermere,14,4,10,4,9,11,9,5,6,5,8,12,97
2017,1150,Creston,11,16,15,18,16,17,9,7,11,14,10,13,157
2017,1160,Golden,2,2,4,4,9,2,1,3,5,4,2,7,45
2017,1210,Kootenay Lake,2,4,4,3,2,2,2,2,2,4,4,6,37
2017,1220,Nelson,19,19,19,17,13,18,21,12,17,19,16,21,211
2017,1230,Castlegar,26,13,10,12,11,12,13,7,4,10,16,11,145
2017,1240,Arrow Lakes,5,6,4,4,8,3,2,6,6,4,4,8,60
2017,1250,Trail,24,20,23,22,16,12,17,21,23,25,18,25,246
2017,1260,Grand Forks,15,18,11,12,12,15,12,14,14,8,14,15,160
2017,1270,Kettle Valley,3,2,2,4,1,3,2,5,4,1,5,5,37
2017,1310,Southern Okanagan,40,28,29,21,24,30,19,26,26,28,23,32,326
2017,1320,Penticton,63,50,66,52,43,51,48,52,44,42,54,63,628
2017,1330,Keremeos,12,8,9,6,6,5,14,8,10,7,6,14,105
2017,1340,Princeton,6,7,5,4,3,3,6,4,1,5,6,4,54
2017,1350,Armstrong/Spallumcheen,11,11,8,5,5,11,10,4,8,11,12,8,104
2017,1361,Vernon Centre/Coldstream,69,47,64,48,48,53,57,55,50,41,52,69,653
2017,1362,North Okanagan/Lumby,11,13,12,9,11,13,8,5,8,5,10,11,116
2017,1371,Central Okanagan Rural,8,8,9,5,7,6,3,4,3,3,6,7,69
2017,1372,West Kelowna,51,34,35,37,40,39,41,32,32,41,37,27,446
2017,1373,Lake Country,14,5,5,5,9,7,5,6,5,7,8,11,87
2017,1374,Glenmore,33,16,31,27,24,26,21,17,20,20,24,27,286
2017,1375,Downtown Kelowna,66,48,61,65,47,57,42,46,46,43,50,55,626
2017,1376,Rutland,42,33,29,30,22,29,17,24,19,21,28,27,321
2017,1377,Okanagan Mission,19,16,27,12,16,10,12,9,8,14,16,19,178
2017,1380,Summerland,26,14,19,13,13,13,17,19,9,13,12,11,179
2017,1390,Enderby,8,5,6,7,3,5,3,3,9,5,4,6,64
2017,1410,Revelstoke,7,4,7,3,11,5,6,7,6,8,4,7,75
2017,1420,Salmon Arm,47,39,38,32,32,38,46,31,27,34,38,35,437
2017,1431,Kamloops Centre North,58,42,47,60,40,33,42,53,41,43,46,48,553
2017,1432,Kamloops Centre South,32,37,35,40,33,27,33,31,22,36,40,33,399
2017,1433,Lower Thompson,21,14,16,15,18,13,15,17,12,14,19,19,193
2017,1440,100 Mile House,18,11,17,13,12,11,14,12,16,21,15,23,183
2017,1450,North Thompson,7,5,3,4,2,7,3,1,4,2,3,1,42
2017,1461,West Cariboo,0,2,1,3,1,4,1,3,1,2,1,1,20
2017,1462,Williams Lake/East Cariboo,21,17,21,20,18,27,18,18,10,21,13,17,221
2017,1470,Lillooet,4,3,1,3,4,1,3,2,5,0,2,5,33
2017,1480,South Cariboo,5,6,15,6,10,8,3,4,4,7,4,3,75
2017,1490,Merritt,16,16,12,10,5,10,9,9,11,8,12,14,132
2017,2110,Hope,15,8,11,11,15,6,8,10,10,9,12,6,121
2017,2121,South Chilliwack,44,38,31,25,24,31,28,26,27,39,34,37,384
2017,2122,North Chilliwack,61,37,51,31,48,37,57,41,33,48,39,50,533
2017,2131,Central Abbotsford,46,34,34,21,28,23,33,22,25,44,31,39,380
2017,2132,East Abbotsford,15,13,7,10,14,12,14,11,10,9,10,8,133
2017,2133,West Abbotsford,52,47,41,34,41,38,31,33,34,38,49,56,494
2017,2134,Abbotsford Rural,13,13,13,14,18,7,11,12,11,13,10,6,141
2017,2141,South Mission,22,23,29,21,21,10,17,19,20,20,19,19,240
2017,2142,North Mission,13,8,14,7,6,12,6,7,5,5,9,17,109
2017,2150,Agassiz/Harrison,16,12,7,10,7,8,16,7,7,11,10,9,120
2017,2210,New Westminster,52,56,47,42,58,34,44,34,39,47,41,53,547
2017,2221,Burnaby Northwest,26,24,27,23,26,24,16,24,22,22,29,23,286
2017,2222,Burnaby Northeast,21,15,19,12,16,14,18,23,15,11,13,12,189
2017,2223,Burnaby Southwest,63,53,51,43,47,42,51,46,46,36,34,48,560
2017,2224,Burnaby Southeast,32,44,31,37,29,26,35,28,39,40,44,38,423
2017,2231,Haney,27,31,32,25,31,31,20,32,22,26,27,32,336
2017,2232,Pitt Meadows,11,16,7,14,6,9,7,12,3,11,8,9,113
2017,2233,Maple Ridge Rural,24,16,22,22,22,25,24,19,28,22,19,35,278
2017,2241,North Coquitlam,11,5,8,6,11,9,6,9,7,10,6,4,92
2018,1110,Fernie,14,9,5,7,5,8,14,6,8,17,10,10,113
2018,1120,Cranbrook,17,19,19,18,18,23,25,24,24,23,20,16,246
2018,1130,Kimberley,10,8,11,6,3,6,11,6,2,10,10,8,91
2018,1140,Windermere,5,7,6,9,9,4,6,2,4,7,7,7,73
2018,1150,Creston,18,7,15,13,16,22,15,8,10,20,20,15,179
2018,1160,Golden,5,4,4,7,5,0,3,5,8,0,2,3,46
2018,1210,Kootenay Lake,0,2,2,2,1,0,3,0,4,2,4,6,26
2018,1220,Nelson,15,18,20,13,13,22,19,17,17,16,19,26,215
2018,1230,Castlegar,20,13,11,9,8,12,14,3,13,13,12,12,140
2018,1240,Arrow Lakes,4,6,5,3,8,7,8,2,3,5,4,9,64
2018,1250,Trail,31,10,26,16,24,16,17,14,19,19,14,31,237
2018,1260,Grand Forks,18,11,9,8,13,13,13,11,8,10,10,12,136
2018,1270,Kettle Valley,3,1,3,3,4,2,5,3,1,0,3,1,29
2018,1310,Southern Okanagan,25,23,27,28,30,41,20,24,26,23,29,31,327
2018,1320,Penticton,58,43,64,45,48,44,59,44,45,42,56,48,596
2018,1330,Keremeos,4,6,6,9,6,10,7,7,6,6,13,10,90
2018,1340,Princeton,9,5,7,6,7,5,8,4,5,7,1,4,68
2018,1350,Armstrong/Spallumcheen,9,6,17,6,9,9,8,7,10,10,10,9,110
2018,1361,Vernon Centre/Coldstream,63,58,72,52,60,53,60,49,43,51,70,61,692
2018,1362,North Okanagan/Lumby,15,14,11,4,8,13,7,6,9,11,11,10,119
2018,1371,Central Okanagan Rural,4,2,5,5,3,4,8,5,6,7,4,9,62
2018,1372,West Kelowna,39,41,34,36,31,22,36,30,39,37,34,41,420
2018,1373,Lake Country,10,5,9,5,7,5,5,8,8,8,4,8,82
2018,1374,Glenmore,25,22,19,16,28,22,19,27,26,27,25,16,272
2018,1375,Downtown Kelowna,56,46,54,51,46,48,51,44,68,56,64,42,626
2018,1376,Rutland,26,21,25,22,21,30,19,30,27,25,23,36,305
2018,1377,Okanagan Mission,12,10,13,13,13,9,11,10,9,6,10,22,138
2018,1380,Summerland,18,12,17,11,17,10,9,7,12,15,11,13,152
2018,1390,Enderby,11,4,11,5,7,5,5,6,6,6,8,7,81
2018,1410,Revelstoke,5,6,3,2,5,3,4,6,3,7,2,3,49
2018,1420,Salmon Arm,37,34,49,37,38,40,34,29,30,26,35,40,429
2018,1431,Kamloops Centre North,54,44,43,43,43,26,42,40,39,53,45,60,532
2018,1432,Kamloops Centre South,39,29,30,35,22,28,30,31,28,35,39,42,388
2018,1433,Lower Thompson,16,19,18,13,22,23,11,13,11,16,15,15,192
2018,1440,100 Mile House,24,16,12,15,17,4,15,21,13,18,20,15,190
2018,1450,North Thompson,5,1,5,7,7,5,5,4,2,4,2,3,50
2018,1461,West Cariboo,2,0,1,2,0,1,2,2,0,4,1,4,19
2018,1462,Williams Lake/East Cariboo,30,15,20,12,16,15,19,19,26,13,10,27,222
2018,1470,Lillooet,3,4,3,4,0,0,3,3,4,3,5,0,32
2018,1480,South Cariboo,11,5,5,7,9,9,7,8,6,7,9,10,93
2018,1490,Merritt,16,6,12,6,5,12,10,13,9,7,10,11,117
2018,2110,Hope,18,9,12,6,8,8,9,6,8,10,7,14,115
2018,2121,South Chilliwack,39,33,25,24,30,31,35,34,22,30,34,36,373
2018,2122,North Chilliwack,63,55,59,45,33,37,54,39,44,46,47,48,570
2018,2131,Central Abbotsford,40,34,35,26,20,30,28,25,30,28,31,35,362
2018,2132,East Abbotsford,18,12,10,12,10,12,15,19,4,15,8,10,145
2018,2133,West Abbotsford,40,26,41,36,36,31,36,37,46,56,41,45,471
2018,2134,Abbotsford Rural,13,13,16,11,7,15,8,11,13,9,14,21,151
2018,2141,South Mission,21,16,19,20,18,22,24,16,18,20,16,17,227
2018,2142,North Mission,7,4,7,12,10,9,9,6,10,15,7,10,106
2018,2150,Agassiz/Harrison,10,11,13,7,8,8,14,8,14,12,4,1,110
2018,2210,New Westminster,65,42,57,48,38,49,52,37,34,46,38,38,544
2018,2221,Burnaby Northwest,23,30,26,19,25,21,18,16,17,27,22,27,271
2018,2222,Burnaby Northeast,22,19,23,17,17,16,18,19,12,14,22,17,216
2018,2223,Burnaby Southwest,48,45,55,44,33,31,40,42,38,44,54,46,520
2018,2224,Burnaby Southeast,45,35,40,32,32,39,32,38,33,30,30,34,420
2018,2231,Haney,34,33,38,37,35,39,30,22,35,31,20,34,388
2018,2232,Pitt Meadows,6,12,9,12,11,12,11,10,8,5,4,9,109
2018,2233,Maple Ridge Rural,33,22,27,25,24,29,24,26,22,27,29,15,303
2018,2241,North Coquitlam,6,6,8,11,13,8,11,3,7,11,8,10,102
2019,1110,Fernie,6,6,8,7,2,7,9,9,8,6,9,6,83
2019,1120,Cranbrook,19,19,15,20,22,27,18,26,12,26,24,28,256
2019,1130,Kimberley,14,12,10,5,10,7,3,10,6,3,6,10,96
2019,1140,Windermere,5,10,8,9,4,4,3,4,5,3,6,4,65
2019,1150,Creston,22,15,15,17,16,13,14,15,16,22,15,15,195
2019,1160,Golden,4,1,5,3,2,4,4,2,8,2,1,6,42
2019,1210,Kootenay Lake,7,0,8,2,3,3,2,1,7,4,1,1,39
2019,1220,Nelson,21,24,26,24,17,24,22,17,21,22,20,21,259
2019,1230,Castlegar,17,11,11,14,20,12,11,13,15,11,14,14,163
2019,1240,Arrow Lakes,4,4,4,9,5,4,7,7,8,1,5,5,63
2019,1250,Trail,24,23,23,14,28,18,16,12,19,35,19,18,249
2019,1260,Grand Forks,11,11,20,13,12,7,14,11,10,11,10,15,145
2019,1270,Kettle Valley,1,4,2,2,3,1,2,4,1,3,5,2,30
2019,1310,Southern Okanagan,25,21,24,36,21,18,20,18,21,26,17,37,284
2019,1320,Penticton,68,58,56,50,62,55,49,53,49,46,53,46,645
2019,1330,Keremeos,11,7,8,4,6,9,2,7,4,2,10,3,73
2019,1340,Princeton,4,8,4,8,2,4,5,3,10,1,7,9,65
2019,1350,Armstrong/Spallumcheen,5,6,3,8,11,9,8,3,5,11,6,10,85
2019,1361,Vernon Centre/Coldstream,71,53,57,62,56,52,55,63,45,53,57,62,686
2019,1362,North Okanagan/Lumby,14,18,15,11,17,7,7,10,18,13,9,8,147
2019,1371,Central Okanagan Rural,5,4,3,4,5,5,12,3,6,6,7,6,66
2019,1372,West Kelowna,34,19,52,36,38,23,29,42,26,37,34,35,405
2019,1373,Lake Country,10,10,7,4,7,8,10,8,6,10,10,11,101
2019,1374,Glenmore,19,23,25,19,22,22,24,22,17,18,29,25,265
2019,1375,Downtown Kelowna,52,56,57,59,47,50,44,49,59,57,63,44,637
2019,1376,Rutland,32,26,23,18,23,32,24,32,24,32,24,35,325
2019,1377,Okanagan Mission,12,9,18,10,12,8,3,19,11,14,7,10,133
2019,1380,Summerland,16,14,17,17,15,14,10,13,18,17,15,10,176
2019,1390,Enderby,5,7,8,5,3,9,5,9,6,7,6,9,79
2019,1410,Revelstoke,3,4,7,3,0,4,5,4,2,11,7,7,57
2019,1420,Salmon Arm,38,32,43,46,46,33,40,41,33,38,42,38,470
2019,1431,Kamloops Centre North,48,48,47,52,68,37,40,52,57,53,35,58,595
2019,1432,Kamloops Centre South,26,40,28,38,32,34,42,25,28,34,35,38,400
2019,1433,Lower Thompson,9,16,22,17,16,13,15,14,14,19,26,11,192
2019,1440,100 Mile House,21,17,16,9,11,16,14,19,14,18,19,15,189
2019,1450,North Thompson,5,2,7,2,3,2,4,1,3,3,5,6,43
2019,1461,West Cariboo,1,1,5,3,1,4,1,2,0,4,2,1,25
2019,1462,Williams Lake/East Cariboo,23,23,24,28,22,18,26,18,15,19,12,13,241
2019,1470,Lillooet,5,5,2,0,2,3,1,2,1,4,3,5,33
2019,1480,South Cariboo,9,4,10,10,5,3,5,6,13,4,4,5,78
2019,1490,Merritt,14,8,17,11,16,11,11,10,5,13,15,11,142
2019,2110,Hope,15,12,11,15,10,13,15,14,8,8,10,8,139
2019,2121,South Chilliwack,38,41,34,29,25,32,25,32,18,25,32,23,354
2019,2122,North Chilliwack,74,31,41,36,42,42,41,52,44,53,59,48,563
2019,2131,Central Abbotsford,31,27,38,36,40,30,27,35,23,33,42,43,405
2019,2132,East Abbotsford,18,9,12,12,10,8,15,18,5,14,14,16,151
2019,2133,West Abbotsford,43,38,50,34,38,33,50,42,43,39,53,42,505
2019,2134,Abbotsford Rural,14,18,19,12,11,9,9,12,12,10,12,12,150
2019,2141,South Mission,19,24,23,20,15,21,17,34,23,29,26,16,267
2019,2142,North Mission,14,13,9,5,10,10,8,10,8,15,13,9,124
2019,2150,Agassiz/Harrison,5,5,16,10,6,6,10,8,7,8,8,7,96
2019,2210,New Westminster,54,47,55,51,36,38,47,44,26,31,41,36,506
2019,2221,Burnaby Northwest,20,27,21,23,25,23,16,21,20,15,17,26,254
2019,2222,Burnaby Northeast,18,13,17,16,18,17,9,10,12,15,16,19,180
2019,2223,Burnaby Southwest,34,28,51,50,48,40,35,42,40,52,38,57,515
2019,2224,Burnaby Southeast,44,41,39,33,35,25,24,31,30,33,31,44,410
2019,2231,Haney,28,30,33,53,30,27,29,30,32,36,29,31,388
2019,2232,Pitt Meadows,14,13,15,5,10,4,7,9,7,4,8,15,111
2019,2233,Maple Ridge Rural,25,32,29,27,23,23,16,22,22,18,22,20,279
2019,2241,North Coquitlam,3,14,9,10,8,14,10,6,10,8,11,12,115
2020,1110,Fernie,9,7,14,5,12,4,10,6,10,5,11,8,101
2020,1120,Cranbrook,22,25,35,14,21,12,24,27,16,25,24,19,264
2020,1130,Kimberley,10,6,6,4,5,10,6,14,6,5,7,6,85
2020,1140,Windermere,10,7,8,9,4,3,3,12,6,6,1,6,75
2020,1150,Creston,14,16,17,19,13,12,13,16,12,21,14,9,176
2020,1160,Golden,8,2,4,1,2,5,9,1,4,5,9,3,53
2020,1210,Kootenay Lake,2,0,5,2,2,0,1,8,2,3,2,3,30
2020,1220,Nelson,21,18,10,17,14,22,19,25,27,9,13,15,210
2020,1230,Castlegar,13,14,21,15,10,18,9,17,19,7,22,18,183
2020,1240,Arrow Lakes,3,5,7,3,4,3,6,8,5,10,9,7,70
2020,1250,Trail,15,17,24,22,15,19,16,21,18,15,12,18,212
2020,1260,Grand Forks,13,14,16,10,11,13,11,8,13,12,12,14,147
2020,1270,Kettle Valley,5,6,6,1,3,1,0,3,3,5,1,7,41
2020,1310,Southern Okanagan,39,32,35,18,35,20,32,22,23,30,26,46,358
2020,1320,Penticton,42,52,63,58,46,45,60,48,48,54,43,64,623
2020,1330,Keremeos,0,11,10,8,8,8,5,6,8,8,17,9,98
2020,1340,Princeton,9,1,8,2,9,7,5,8,5,3,5,8,70
2020,1350,Armstrong/Spallumcheen,7,8,8,8,9,9,7,9,6,10,12,8,101
2020,1361,Vernon Centre/Coldstream,75,46,62,63,40,49,55,55,59,61,45,62,672
2020,1362,North Okanagan/Lumby,14,11,10,9,7,12,13,17,7,10,8,9,127
2020,1371,Central Okanagan Rural,8,5,3,8,4,5,11,11,10,5,9,6,85
2020,1372,West Kelowna,36,36,36,42,49,36,48,42,31,49,42,51,498
2020,1373,Lake Country,5,8,17,10,7,8,7,10,8,13,13,7,113
2020,1374,Glenmore,31,21,25,19,26,20,31,31,19,22,22,33,300
2020,1375,Downtown Kelowna,43,56,41,45,57,54,50,47,58,48,51,57,607
2020,1376,Rutland,19,22,35,33,24,17,28,21,26,32,35,38,330
2020,1377,Okanagan Mission,9,11,7,15,13,8,10,13,8,20,15,15,144
2020,1380,Summerland,17,18,10,15,18,11,8,13,14,13,12,9,158
2020,1390,Enderby,9,7,5,13,6,10,8,5,5,6,4,9,87
2020,1410,Revelstoke,8,7,7,6,8,2,4,6,4,7,5,9,73
2020,1420,Salmon Arm,36,44,30,42,41,44,40,33,36,39,28,40,453
2020,1431,Kamloops Centre North,44,50,57,49,56,43,40,57,53,52,50,58,609
2020,1432,Kamloops Centre South,22,27,29,24,38,32,26,27,32,36,37,33,363
2020,1433,Lower Thompson,9,13,13,14,12,21,16,19,13,14,13,16,173
2020,1440,100 Mile House,13,11,16,14,15,9,17,15,12,19,15,17,173
2020,1450,North Thompson,2,3,2,4,4,0,6,3,6,4,6,5,45
2020,1461,West Cariboo,3,3,0,1,2,4,4,0,4,2,1,3,27
2020,1462,Williams Lake/East Cariboo,16,16,21,13,18,16,21,21,16,13,32,24,227
2020,1470,Lillooet,6,5,4,4,3,6,5,0,5,2,4,5,49
2020,1480,South Cariboo,7,6,7,3,3,3,5,12,11,8,6,7,78
2020,1490,Merritt,13,13,15,15,9,6,11,13,10,10,11,12,138
2020,2110,Hope,8,7,15,8,14,9,7,13,11,4,11,10,117
2020,2121,South Chilliwack,47,30,43,34,31,30,23,36,36,36,37,25,408
2020,2122,North Chilliwack,55,47,57,49,48,49,34,34,44,57,44,64,582
2020,2131,Central Abbotsford,40,37,43,29,26,35,34,34,35,26,37,46,422
2020,2132,East Abbotsford,14,15,12,14,15,10,12,12,14,14,18,19,169
2020,2133,West Abbotsford,45,35,45,45,44,40,52,32,40,32,72,53,535
2020,2134,Abbotsford Rural,19,8,9,6,14,12,9,13,10,17,10,28,155
2020,2141,South Mission,27,23,20,25,20,24,20,19,22,28,22,30,280
2020,2142,North Mission,14,12,7,4,10,9,14,11,8,7,9,16,121
2020,2150,Agassiz/Harrison,10,8,7,11,11,8,8,9,7,11,14,9,113
2020,2210,New Westminster,52,51,48,43,55,45,41,41,48,51,44,59,578
2020,2221,Burnaby Northwest,35,19,30,25,31,19,24,30,27,27,38,30,335
2020,2222,Burnaby Northeast,19,17,23,20,27,16,19,17,25,17,25,25,250
2020,2223,Burnaby Southwest,54,38,45,49,39,44,36,56,46,37,76,79,599
2020,2224,Burnaby Southeast,37,38,42,52,35,42,38,40,39,31,46,68,508
2020,2231,Haney,38,26,33,46,28,30,40,31,25,33,28,25,383
2020,2232,Pitt Meadows,13,11,10,9,9,12,11,16,10,9,11,18,139
2020,2233,Maple Ridge Rural,18,28,23,30,23,23,25,29,24,24,24,44,315
2020,2241,North Coquitlam,5,5,10,15,9,5,8,7,11,17,16,11,119
2021,1110,Fernie,6,10,8,11,8,13,6,13,7,5,8,9,104
2021,1120,Cranbrook,26,19,21,16,20,31,23,21,21,27,24,31,280
2021,1130,Kimberley,7,12,14,5,4,9,7,6,8,5,10,8,95
2021,1140,Windermere,8,9,8,5,8,12,7,6,13,12,10,10,108
2021,1150,Creston,18,10,23,17,9,21,30,24,16,7,19,12,206
2021,1160,Golden,3,3,3,2,7,3,5,4,3,9,3,2,47
2021,1210,Kootenay Lake,6,1,2,1,3,5,9,5,2,4,3,5,46
2021,1220,Nelson,18,16,15,14,15,26,26,23,24,29,19,31,256
2021,1230,Castlegar,27,8,7,9,17,11,16,10,18,8,12,19,162
2021,1240,Arrow Lakes,4,4,8,6,6,2,5,6,5,6,2,7,61
2021,1250,Trail,14,25,16,26,18,13,32,25,19,26,31,20,265
2021,1260,Grand Forks,14,12,6,10,8,9,10,12,16,11,17,13,138
2021,1270,Kettle Valley,6,8,6,3,4,4,2,3,5,1,2,2,46
2021,1310,Southern Okanagan,39,28,25,27,12,30,25,25,31,32,35,37,346
2021,1320,Penticton,64,42,57,52,50,41,70,47,59,77,59,63,681
2021,1330,Keremeos,4,6,9,4,7,6,12,8,6,5,10,9,86
2021,1340,Princeton,5,1,6,1,7,8,4,1,4,6,8,10,61
2021,1350,Armstrong/Spallumcheen,7,13,4,7,13,12,8,4,13,13,9,12,115
2021,1361,Vernon Centre/Coldstream,76,60,54,50,53,66,63,67,72,59,82,83,785
2021,1362,North Okanagan/Lumby,10,14,12,16,11,8,12,7,16,12,14,15,147
2021,1371,Central Okanagan Rural,6,10,5,5,4,11,5,6,9,10,7,9,87
2021,1372,West Kelowna,43,32,32,37,39,39,48,46,34,35,40,51,476
2021,1373,Lake Country,11,13,4,9,12,11,8,16,12,11,6,6,119
2021,1374,Glenmore,26,25,27,21,31,20,24,25,22,23,28,34,306
2021,1375,Downtown Kelowna,50,48,60,51,58,56,69,70,74,80,61,73,750
2021,1376,Rutland,27,27,22,25,46,32,30,43,43,32,23,27,377
2021,1377,Okanagan Mission,7,12,18,10,12,12,11,10,16,17,14,14,153
2021,1380,Summerland,14,12,19,10,10,13,14,12,13,18,12,14,161
2021,1390,Enderby,10,10,11,12,6,7,9,6,9,8,6,8,102
2021,1410,Revelstoke,8,3,6,3,10,2,4,5,3,7,3,5,59
2021,1420,Salmon Arm,40,44,33,39,46,46,48,51,32,52,37,40,508
2021,1431,Kamloops Centre North,40,48,57,43,49,60,44,61,65,65,65,68,665
2021,1432,Kamloops Centre South,33,32,43,38,43,36,30,42,39,47,41,46,470
2021,1433,Lower Thompson,18,24,12,18,20,29,14,17,9,24,21,24,230
2021,1440,100 Mile House,19,20,17,9,12,13,26,17,21,19,19,27,219
2021,1450,North Thompson,2,0,3,5,2,5,6,3,5,8,4,4,47
2021,1461,West Cariboo,5,1,2,2,3,2,2,4,2,3,4,5,35
2021,1462,Williams Lake/East Cariboo,37,20,15,16,23,26,19,28,25,30,22,33,294
2021,1470,Lillooet,7,4,8,6,4,11,7,6,4,7,6,1,71
2021,1480,South Cariboo,7,8,5,8,11,9,8,6,7,6,6,8,89
2021,1490,Merritt,15,14,16,13,16,8,10,16,21,17,18,13,177
2021,2110,Hope,10,12,9,14,18,11,14,8,16,10,20,9,151
2021,2121,South Chilliwack,34,32,41,41,29,46,54,41,32,42,41,42,475
2021,2122,North Chilliwack,48,52,54,45,52,64,66,47,70,62,50,59,669
2021,2131,Central Abbotsford,33,36,31,30,29,35,33,29,45,40,37,27,405
2021,2132,East Abbotsford,10,20,20,13,13,15,17,9,13,22,16,16,184
2021,2133,West Abbotsford,41,45,36,49,29,58,48,39,48,59,63,62,577
2021,2134,Abbotsford Rural,14,18,28,21,19,13,11,24,23,20,18,22,231
2021,2141,South Mission,20,29,24,29,25,27,22,21,25,29,34,38,323
2021,2142,North Mission,6,6,13,7,8,13,18,17,12,9,9,10,128
2021,2150,Agassiz/Harrison,16,11,13,6,9,5,4,16,10,15,10,9,124
2021,2210,New Westminster,52,43,54,49,45,69,51,43,50,54,54,51,615
2021,2221,Burnaby Northwest,29,21,23,33,31,29,28,27,19,24,27,20,311
2021,2222,Burnaby Northeast,32,22,20,19,15,26,16,17,21,21,23,30,262
2021,2223,Burnaby Southwest,70,48,54,51,46,72,42,52,45,59,66,51,656
2021,2224,Burnaby Southeast,54,31,41,37,25,56,29,40,46,46,43,40,488
2021,2231,Haney,35,24,42,20,24,40,28,13,20,33,34,49,362
2021,2232,Pitt Meadows,10,7,11,9,7,17,4,15,11,9,11,15,126
2021,2233,Maple Ridge Rural,25,27,29,22,33,22,27,19,36,33,34,26,333
2021,2241,North Coquitlam,8,10,16,15,10,11,9,9,22,15,9,10,144
2022,1110,Fernie,8,13,14,8,15,8,9,16,10,14,4,11,130
2022,1120,Cranbrook,42,24,29,26,31,23,31,28,27,30,25,33,349
2022,1130,Kimberley,4,13,8,8,7,8,13,5,5,10,8,12,101
2022,1140,Windermere,8,11,7,7,12,5,13,8,8,10,9,9,107
2022,1150,Creston,21,27,17,17,21,14,22,25,20,7,26,21,238
2022,1160,Golden,4,4,3,3,5,7,2,3,5,5,2,2,45
2022,1210,Kootenay Lake,3,7,2,3,5,1,3,3,2,4,3,3,39
2022,1220,Nelson,25,28,27,28,21,25,22,24,21,27,19,26,293
2022,1230,Castlegar,12,11,9,13,7,11,8,23,8,9,10,17,138
2022,1240,Arrow Lakes,5,6,4,5,3,7,3,3,3,6,4,3,52
2022,1250,Trail,22,23,22,21,20,14,20,18,21,17,17,23,238
2022,1260,Grand Forks,15,8,19,13,16,12,13,19,9,13,17,10,164
2022,1270,Kettle Valley,6,3,2,6,3,4,4,6,3,3,2,5,47
2022,1310,Southern Okanagan,36,35,30,28,28,30,30,19,30,26,34,40,366
2022,1320,Penticton,60,69,56,63,74,46,46,49,65,66,72,80,746
2022,1330,Keremeos,8,5,11,5,8,12,10,12,8,2,10,12,103
2022,1340,Princeton,7,11,9,8,5,4,5,3,6,7,4,6,75
2022,1350,Armstrong/Spallumcheen,12,5,6,8,11,12,11,12,9,11,7,12,116
2022,1361,Vernon Centre/Coldstream,93,66,56,74,68,70,68,72,48,81,77,73,846
2022,1362,North Okanagan/Lumby,20,12,17,10,13,15,13,15,10,18,14,17,174
2022,1371,Central Okanagan Rural West,9,10,6,3,6,6,9,5,7,3,6,9,79
2022,1372,West Kelowna,39,37,41,35,46,32,33,39,38,38,47,47,472
2022,1373,Lake Country,6,9,10,12,14,7,5,10,5,5,4,8,95
2022,1374,Glenmore,35,24,24,26,22,26,32,27,18,40,30,31,335
2022,1375,Downtown Kelowna,64,56,50,59,64,55,63,50,49,59,86,61,716
2022,1376,Rutland,35,40,35,25,23,26,18,27,28,28,36,37,358
2022,1377,Okanagan Mission,18,14,26,14,20,12,12,16,9,19,13,10,183
2022,1378,Central Okanagan Rural East,1,0,0,2,0,1,2,2,1,1,0,0,10
2022,1380,Summerland,14,15,12,14,14,14,19,17,15,9,24,16,183
2022,1390,Enderby,8,7,5,7,7,8,17,4,11,10,9,8,101
2022,1410,Revelstoke,8,8,1,3,3,5,8,6,1,6,6,2,57
2022,1420,Salmon Arm,44,39,33,49,47,40,47,41,40,46,49,49,524
2022,1431,Kamloops Centre North,66,60,51,52,58,54,49,52,56,57,56,73,684
2022,1432,Kamloops Centre South,51,35,37,36,53,30,41,40,36,50,43,41,493
2022,1433,Lower Thompson,23,24,17,28,25,17,25,21,15,19,21,23,258
2022,1440,100 Mile House,24,19,17,19,18,14,19,17,17,15,13,18,210
2022,1450,North Thompson,3,6,9,4,7,7,4,3,7,4,3,3,60
2022,1461,West Cariboo,5,0,2,5,3,3,4,4,2,2,5,1,36
2022,1462,Williams Lake/East Cariboo,22,27,36,21,21,18,20,24,24,28,26,33,300
2022,1470,Lillooet,3,5,11,4,2,6,4,8,4,4,8,10,69
2022,1480,South Cariboo,13,11,8,12,7,6,8,11,3,8,7,11,105
2022,1490,Merritt,12,14,11,12,19,13,13,13,12,9,11,23,162
2022,2110,Hope,17,12,7,13,12,10,20,12,15,5,17,21,161
2022,2121,South Chilliwack,46,47,42,38,30,30,39,42,39,37,56,48,494
2022,2122,North Chilliwack,59,57,48,52,50,64,44,45,52,58,65,61,655
2022,2131,Central Abbotsford,52,39,33,34,47,31,42,30,35,36,38,43,460
2022,2132,East Abbotsford,17,15,19,19,13,16,12,12,16,19,17,18,193
2022,2133,West Abbotsford,72,53,48,34,45,36,40,46,49,50,47,47,567
2022,2134,Abbotsford Rural,20,19,18,13,17,14,18,21,18,20,22,12,212
2022,2141,South Mission,28,26,44,31,36,20,29,18,11,25,28,30,326
2022,2142,North Mission,14,13,9,11,6,6,11,13,16,7,8,18,132
2022,2150,Agassiz/Harrison,14,17,7,10,10,10,12,14,16,13,10,12,145
2022,2211,New Westminster - East,28,15,20,16,17,18,15,19,17,19,17,22,223
2022,2212,New Westminster - Central,14,13,21,8,17,14,10,17,14,9,19,19,175
2022,2213,New Westminster - Downtown,15,6,9,4,5,5,7,8,6,11,4,9,89
2022,2214,New Westminster - West/Queensborou,4,9,4,8,8,6,8,6,5,13,9,7,87
2022,2221,Burnaby Heights/Capital Hill,17,16,9,10,11,12,17,11,8,19,15,22,167
2022,2222,Brentwood/Willingdon/Parkcrest,15,7,9,10,11,7,13,13,16,14,8,12,135
2022,2223,Westridge/Sperling/Gov't Road,15,14,13,11,8,13,13,8,11,12,16,26,160
2022,2224,Burnaby Mountain/Lougheed,20,13,6,9,12,6,8,10,9,12,6,11,122
2023,1110,Fernie,12,7,8,12,6,12,9,9,14,13,7,15,124
2023,1120,Cranbrook,31,27,25,25,29,27,22,21,30,36,32,20,325
2023,1130,Kimberley,11,3,10,9,12,5,12,7,11,8,6,6,100
2023,1140,Windermere,7,5,10,6,8,7,11,16,16,6,6,12,110
2023,1150,Creston,15,12,22,16,11,12,12,20,15,13,13,19,180
2023,1160,Golden,7,3,11,2,7,3,4,0,2,7,4,6,56
2023,1210,Kootenay Lake,3,3,5,8,2,5,3,5,4,4,3,3,48
2023,1220,Nelson,28,26,25,19,25,20,23,18,25,25,17,13,264
2023,1230,Castlegar,11,19,9,19,11,18,17,15,21,11,15,13,179
2023,1240,Arrow Lakes,6,5,3,6,8,8,3,7,8,1,4,6,65
2023,1250,Trail,21,27,24,18,22,20,12,25,26,17,19,25,256
2023,1260,Grand Forks,15,13,18,11,16,11,7,16,8,18,14,15,162
2023,1270,Kettle Valley,2,1,8,8,4,6,3,5,6,6,4,6,59
2023,1310,Southern Okanagan,32,37,27,24,25,28,28,26,24,22,37,28,338
2023,1320,Penticton,66,49,58,63,61,50,56,53,48,52,49,66,671
2023,1330,Keremeos,12,8,7,7,11,7,6,8,7,8,9,11,101
2023,1340,Princeton,6,9,9,7,6,4,2,14,3,7,5,10,82
2023,1350,Armstrong/Spallumcheen,10,14,9,8,7,13,15,12,12,9,10,17,136
2023,1361,Vernon Centre/Coldstream,78,57,77,59,67,57,63,62,57,64,71,75,787
2023,1362,North Okanagan/Lumby,15,16,11,12,12,10,10,10,11,15,16,11,149
2023,1371,Central Okanagan Rural West,9,10,5,4,4,6,4,4,3,7,4,5,65
2023,1372,West Kelowna,41,57,42,33,34,38,37,38,34,44,40,46,484
2023,1373,Lake Country,5,12,14,11,5,7,10,10,9,14,11,7,115
2023,1374,Glenmore,30,18,32,21,24,22,29,29,27,36,29,35,332
2023,1375,Downtown Kelowna,60,39,67,63,66,50,52,57,58,57,64,52,685
2023,1376,Rutland,34,26,29,44,20,24,27,30,23,32,28,34,351
2023,1377,Okanagan Mission,19,9,23,20,6,19,13,17,8,14,14,16,178
2023,1378,Central Okanagan Rural East,0,0,0,1,0,0,1,1,2,1,0,0,6
2023,1380,Summerland,10,13,17,18,13,12,13,10,5,13,16,10,150
2023,1390,Enderby,10,14,9,5,7,14,7,6,9,10,10,10,111
2023,1410,Revelstoke,10,3,7,2,6,3,8,4,7,7,2,8,67
2023,1420,Salmon Arm,41,48,48,43,52,39,41,40,49,46,37,40,524
2023,1431,Kamloops Centre North,63,48,54,45,58,63,63,51,65,45,54,57,666
2023,1432,Kamloops Centre South,48,48,31,42,52,33,36,41,40,54,23,50,498
2023,1433,Lower Thompson,23,21,18,20,21,18,15,14,12,25,29,18,234
2023,1440,100 Mile House,10,16,16,8,17,22,15,12,18,19,17,20,190
2023,1450,North Thompson,10,4,1,3,3,4,9,3,7,6,8,6,64
2023,1461,West Cariboo,4,1,8,3,2,3,5,1,2,3,1,1,34
2023,1462,Williams Lake/East Cariboo,31,20,14,15,16,18,19,17,19,22,22,20,233
2023,1470,Lillooet,3,6,4,1,4,6,2,5,3,0,4,8,46
2023,1480,South Cariboo,12,6,9,10,9,11,6,10,4,6,8,7,98
2023,1490,Merritt,16,15,21,8,11,14,13,13,17,14,6,13,161
2023,2110,Hope,18,11,15,13,6,16,11,13,11,9,9,16,148
2023,2121,South Chilliwack,42,41,34,38,46,34,34,44,34,56,46,31,480
2023,2122,North Chilliwack,56,46,52,41,52,45,38,52,44,53,52,43,574
2023,2131,Central Abbotsford,26,31,40,43,31,30,27,31,35,30,29,51,404
2023,2132,East Abbotsford,13,13,9,20,19,18,16,14,18,13,16,16,185
2023,2133,West Abbotsford,40,45,48,56,52,59,56,39,49,42,51,36,573
2023,2134,Abbotsford Rural,21,13,11,12,15,16,19,16,18,20,22,10,193
2023,2141,South Mission,25,33,24,23,21,20,25,23,19,31,37,25,306
2023,2142,North Mission,11,7,11,14,5,12,5,8,6,12,14,15,120
2023,2150,Agassiz/Harrison,17,9,13,13,10,8,10,10,14,6,22,10,142
2023,2211,New Westminster - East,23,23,18,21,20,18,21,15,18,21,21,22,241
2023,2212,New Westminster - Central,17,14,18,16,12,18,13,18,14,13,14,17,184
2023,2213,New Westminster - Downtown,5,6,11,6,8,4,11,5,13,7,5,10,91
2023,2214,New Westminster - West/Queensborou,5,3,9,11,6,2,3,6,10,11,7,7,80
2023,2221,Burnaby Heights/Capital Hill,17,12,15,23,18,21,18,16,11,16,17,20,204
2023,2222,Brentwood/Willingdon/Parkcrest,12,9,7,9,17,13,8,10,12,12,12,7,128
2023,2223,Westridge/Sperling/Gov't Road,14,12,18,11,13,8,8,6,13,16,11,10,140
2023,2224,Burnaby Mountain/Lougheed,6,6,13,6,5,11,6,7,7,5,13,14,99
2024,1110,Fernie,8,9,12,4,12,12,10,11,9,9,8,10,114
2024,1120,Cranbrook,27,13,37,21,30,21,29,13,35,30,34,29,319
2024,1130,Kimberley,4,6,8,10,7,12,5,9,12,11,12,12,108
2024,1140,Windermere,14,9,9,7,7,9,11,10,3,8,11,10,108
2024,1150,Creston,19,13,14,26,21,16,13,15,13,14,17,11,192
2024,1160,Golden,6,7,1,2,10,7,0,7,5,3,0,4,52
2024,1210,Kootenay Lake,4,5,1,2,3,2,2,6,1,2,6,2,36
2024,1220,Nelson,22,23,16,15,17,19,27,19,19,17,27,21,242
2024,1230,Castlegar,11,12,12,9,18,18,12,13,11,11,22,11,160
2024,1240,Arrow Lakes,6,7,7,8,3,3,4,6,7,6,5,6,68
2024,1250,Trail,8,21,22,18,18,16,10,19,17,20,25,14,208
2024,1260,Grand Forks,10,17,19,16,18,17,16,13,18,15,14,10,183
2024,1270,Kettle Valley,4,4,5,2,2,3,2,1,5,8,2,7,45
2024,1310,Southern Okanagan,42,23,34,21,29,33,22,30,31,30,27,29,351
2024,1320,Penticton,51,55,76,66,56,54,64,50,45,62,70,61,710
2024,1330,Keremeos,5,2,8,5,9,8,8,9,6,7,8,8,83
2024,1340,Princeton,3,4,2,8,9,8,4,7,9,7,7,2,70
2024,1350,Armstrong/Spallumcheen,6,10,7,10,6,8,12,7,11,6,10,8,101
2024,1361,Vernon Centre/Coldstream,70,65,72,53,61,79,50,56,45,61,75,64,751
2024,1362,North Okanagan/Lumby,16,12,16,11,11,13,19,12,10,8,11,7,146
2024,1371,Central Okanagan Rural West,5,9,6,6,12,11,5,12,2,3,8,9,88
2024,1372,West Kelowna,46,31,46,43,45,36,42,34,35,37,30,44,469
2024,1373,Lake Country,11,7,9,8,9,8,5,8,12,12,9,16,114
2024,1374,Glenmore,30,31,33,25,20,30,32,28,32,31,33,34,359
2024,1375,Downtown Kelowna,56,55,58,55,43,77,49,42,52,60,42,51,640
2024,1376,Rutland,36,36,32,37,28,28,28,30,35,30,33,36,389
2024,1377,Okanagan Mission,17,14,12,5,15,17,16,12,15,12,15,17,167
2024,1378,Central Okanagan Rural East,0,0,2,0,1,0,1,0,1,0,1,0,6
2024,1380,Summerland,10,14,13,14,11,13,17,11,13,13,14,16,159
2024,1390,Enderby,12,10,8,11,10,5,12,6,4,9,6,13,106
2024,1410,Revelstoke,3,6,6,3,8,5,3,5,7,12,6,7,71
2024,1420,Salmon Arm,46,32,46,41,45,34,40,34,43,42,51,42,496
2024,1431,Kamloops Centre North,64,44,46,46,55,59,66,53,53,42,46,64,638
2024,1432,Kamloops Centre South,52,34,40,57,43,45,45,36,35,41,57,35,520
2024,1433,Lower Thompson,25,19,14,7,20,18,23,26,14,11,17,27,221
2024,1440,100 Mile House,21,19,14,23,17,17,11,17,18,16,15,18,206
2024,1450,North Thompson,5,6,2,4,5,4,6,5,1,4,3,4,49
2024,1461,West Cariboo,3,3,3,4,4,1,1,2,4,2,5,5,37
2024,1462,Williams Lake/East Cariboo,26,31,31,26,25,22,22,20,15,28,28,19,293
2024,1470,Lillooet,4,2,6,4,2,3,3,6,4,4,3,4,45
2024,1480,South Cariboo,7,5,3,7,7,6,6,4,8,7,9,5,74
2024,1490,Merritt,15,10,17,10,10,12,13,9,13,9,15,16,149
2024,2110,Hope,10,7,10,10,8,14,11,7,14,16,11,8,126
2024,2121,South Chilliwack,34,41,41,35,43,38,41,45,29,46,36,47,476
2024,2122,North Chilliwack,58,43,34,62,54,53,41,53,42,54,49,51,594
2024,2131,Central Abbotsford,32,37,51,43,32,21,35,25,19,32,37,42,406
2024,2132,East Abbotsford,17,14,19,9,14,17,18,16,15,18,15,15,187
2024,2133,West Abbotsford,74,49,51,43,31,47,50,40,43,43,42,52,565
2024,2134,Abbotsford Rural,20,11,11,16,20,12,15,13,15,11,15,17,176
2024,2141,South Mission,25,21,27,22,22,27,19,23,19,30,21,30,286
2024,2142,North Mission,10,13,6,14,13,4,13,12,8,14,5,20,132
2024,2150,Agassiz/Harrison,14,11,9,5,13,13,15,18,8,15,11,17,149
2024,2211,New Westminster - East,14,16,21,19,15,20,24,20,11,21,18,19,218
2024,2212,New Westminster - Central,23,16,14,9,17,13,21,9,7,14,15,8,166
2024,2213,New Westminster - Downtown,9,6,7,10,7,3,1,9,5,9,6,9,81
2024,2214,New Westminster - West/Queensborou,12,7,13,7,9,6,10,4,4,5,5,9,91
2024,2221,Burnaby Heights/Capital Hill,13,13,7,20,14,14,11,16,13,14,20,15,170
2024,2222,Brentwood/Willingdon/Parkcrest,13,12,10,13,10,8,7,14,12,17,8,13,137
2024,2223,Westridge/Sperling/Gov't Road,12,12,11,12,15,9,7,10,14,14,7,19,142
2024,2224,Burnaby Mountain/Lougheed,9,9,11,6,9,6,13,7,7,10,7,8,102
2025,1110,Fernie,10,11,12,17,13,10,12,14,12,7,8,7,133
2025,1120,Cranbrook,29,25,27,33,31,34,25,21,25,25,30,33,338
2025,1130,Kimberley,5,3,7,9,5,10,7,8,6,11,13,11,95
2025,1140,Windermere,12,7,5,11,6,11,5,3,8,6,8,10,92
2025,1150,Creston,22,23,15,17,22,16,11,15,12,12,29,17,211
2025,1160,Golden,5,5,4,1,3,5,4,3,4,6,6,3,49
2025,1210,Kootenay Lake,2,2,5,2,5,6,3,7,3,7,1,2,45
2025,1220,Nelson,26,19,14,24,23,22,25,12,10,20,17,27,239
2025,1230,Castlegar,18,18,20,19,13,18,10,13,13,14,12,15,183
2025,1240,Arrow Lakes,8,6,6,3,8,3,6,6,9,4,5,4,68
2025,1250,Trail,21,19,18,18,22,19,18,16,16,17,11,13,208
2025,1260,Grand Forks,14,8,11,13,15,16,10,18,10,15,15,9,154
2025,1270,Kettle Valley,3,3,3,3,2,3,6,5,3,1,2,2,36
2025,1310,Southern Okanagan,31,39,32,38,33,40,24,31,25,34,37,38,402
2025,1320,Penticton,70,58,56,65,66,52,54,63,51,44,48,72,699
2025,1330,Keremeos,6,9,15,5,9,8,6,11,8,12,6,8,103
2025,1340,Princeton,6,2,5,5,6,3,8,11,6,7,4,9,72
2025,1350,Armstrong/Spallumcheen,13,10,9,13,14,8,6,9,6,6,13,13,120
2025,1361,Vernon Centre/Coldstream,71,55,58,52,48,43,71,62,65,66,74,99,764
2025,1362,North Okanagan/Lumby,10,12,15,11,13,12,16,11,6,6,17,9,138
2025,1371,Central Okanagan Rural West,6,2,4,11,5,7,6,7,3,8,8,6,73
2025,1372,West Kelowna,46,44,38,42,46,39,50,41,29,41,45,36,497
2025,1373,Lake Country,7,7,7,12,8,8,5,3,9,5,6,9,86
2025,1374,Glenmore,27,27,42,29,32,29,32,35,40,29,23,31,376
2025,1375,Downtown Kelowna,67,64,57,59,67,46,54,51,52,62,63,64,706
2025,1376,Rutland,37,34,26,32,28,24,29,21,34,32,28,40,365
2025,1377,Okanagan Mission,15,21,19,14,13,11,17,12,14,13,6,13,168
2025,1378,Central Okanagan Rural East,1,1,1,1,2,0,1,0,0,0,0,2,9
2025,1380,Summerland,17,16,16,20,13,8,16,17,14,18,16,16,187
2025,1390,Enderby,2,3,7,5,6,14,5,4,9,7,4,5,71
2025,1410,Revelstoke,11,7,9,4,3,4,4,0,5,3,6,3,59
2025,1420,Salmon Arm,57,47,35,47,35,38,31,47,44,40,46,47,514
2025,1431,Kamloops Centre North,64,63,52,68,59,40,34,47,44,44,52,52,619
2025,1432,Kamloops Centre South,35,47,47,28,40,29,35,43,37,38,35,51,465
2025,1433,Lower Thompson,17,19,23,18,15,15,20,16,23,24,17,20,227
2025,1440,100 Mile House,22,11,13,11,14,15,12,16,13,20,14,20,181
2025,1450,North Thompson,3,4,5,4,7,1,6,3,7,1,7,2,50
2025,1461,West Cariboo,3,2,2,6,2,4,1,2,2,3,5,3,35
2025,1462,Williams Lake/East Cariboo,26,26,26,36,36,19,22,23,16,21,22,22,295
2025,1470,Lillooet,6,4,9,4,3,4,2,2,8,5,2,6,55
2025,1480,South Cariboo,9,8,15,13,6,8,9,7,3,10,9,6,103
2025,1490,Merritt,8,9,11,13,7,17,16,21,7,19,9,23,160
2025,2110,Hope,13,13,12,8,15,7,6,12,9,13,12,10,130
2025,2121,South Chilliwack,41,43,41,41,39,35,35,33,41,40,30,46,465
2025,2122,North Chilliwack,60,57,45,50,41,48,55,49,46,56,53,53,613
2025,2131,Central Abbotsford,41,38,38,33,31,36,39,35,34,32,38,34,429
2025,2132,East Abbotsford,14,29,16,14,22,16,22,12,16,11,17,20,209
2025,2133,West Abbotsford,56,41,47,43,39,39,45,45,47,53,49,55,559
2025,2134,Abbotsford Rural,11,18,14,14,26,16,13,16,13,18,15,28,202
2025,2141,South Mission,35,27,32,16,25,19,24,30,26,21,24,26,305
2025,2142,North Mission,11,12,12,11,2,7,13,16,8,14,10,6,122
2025,2150,Agassiz/Harrison,10,7,12,9,10,12,5,12,18,13,14,14,136
2025,2211,New Westminster - East,27,30,21,13,19,10,18,15,16,23,15,22,229
2025,2212,New Westminster - Central,21,17,17,21,19,12,8,15,12,19,9,18,188
2025,2213,New Westminster - Downtown,8,8,6,6,4,5,8,8,3,7,8,7,78
2025,2214,New Westminster - West/Queensborou,12,4,8,7,6,3,5,5,8,8,7,11,84
2025,2221,Burnaby Heights/Capital Hill,21,20,8,10,16,14,17,13,8,17,17,10,171
2025,2222,Brentwood/Willingdon/Parkcrest,11,16,8,9,12,9,18,11,10,12,7,10,133
2025,2223,Westridge/Sperling/Gov't Road,11,9,10,9,13,15,11,8,14,20,16,15,151
2025,2224,Burnaby Mountain/Lougheed,13,5,7,4,9,8,10,14,5,7,11,8,101
2026,1110,Fernie,10,13,12,9,6,15,9,0,0,0,0,0,74
2026,1120,Cranbrook,38,33,22,21,17,22,23,0,0,0,0,0,176
2026,1130,Kimberley,10,9,10,7,10,10,6,0,0,0,0,0,62
2026,1140,Windermere,11,11,13,9,6,13,15,0,0,0,0,0,78
2026,1150,Creston,21,14,15,13,18,13,12,0,0,0,0,0,106
2026,1160,Golden,1,4,6,1,1,3,3,0,0,0,0,0,19
2026,1210,Kootenay Lake,6,0,2,2,2,3,4,0,0,0,0,0,19
2026,1220,Nelson,20,12,21,21,20,22,14,0,0,0,0,0,130
2026,1230,Castlegar,10,15,10,13,11,12,8,0,0,0,0,0,79
2026,1240,Arrow Lakes,7,3,8,8,12,2,2,0,0,0,0,0,42
2026,1250,Trail,24,24,23,16,18,19,12,0,0,0,0,0,136
2026,1260,Grand Forks,16,12,15,15,16,12,9,0,0,0,0,0,95
2026,1270,Kettle Valley,10,2,5,3,5,1,1,0,0,0,0,0,27
2026,1310,Southern Okanagan,39,20,26,33,27,24,32,0,0,0,0,0,201
2026,1320,Penticton,67,71,64,46,57,53,44,0,0,0,0,0,402
2026,1330,Keremeos,14,7,11,7,10,2,7,0,0,0,0,0,58
2026,1340,Princeton,3,4,12,4,12,14,9,0,0,0,0,0,58
2026,1350,Armstrong/Spallumcheen,9,5,10,12,8,7,10,0,0,0,0,0,61
2026,1361,Vernon Centre/Coldstream,58,72,70,61,53,63,54,0,0,0,0,0,431
2026,1362,North Okanagan/Lumby,13,16,13,13,19,12,6,0,0,0,0,0,92
2026,1371,Central Okanagan Rural West,8,8,3,3,9,2,7,0,0,0,0,0,40
2026,1372,West Kelowna,39,45,50,32,39,36,43,0,0,0,0,0,284
2026,1373,Lake Country,6,10,13,4,4,12,7,0,0,0,0,0,56
2026,1374,Glenmore,32,33,26,22,24,34,24,0,0,0,0,0,195
2026,1375,Downtown Kelowna,72,70,57,49,54,49,57,0,0,0,0,0,408
2026,1376,Rutland,30,29,31,22,25,33,18,0,0,0,0,0,188
2026,1377,Okanagan Mission,25,10,13,14,6,12,8,0,0,0,0,0,88
2026,1378,Central Okanagan Rural East,2,0,0,0,2,0,0,0,0,0,0,0,4
2026,1380,Summerland,15,11,21,19,16,17,8,0,0,0,0,0,107
2026,1390,Enderby,7,8,7,7,6,5,6,0,0,0,0,0,46
2026,1410,Revelstoke,1,6,9,4,6,4,6,0,0,0,0,0,36
2026,1420,Salmon Arm,59,37,46,40,38,38,34,0,0,0,0,0,292
2026,1431,Kamloops Centre North,72,57,62,74,52,41,43,0,0,0,0,0,401
2026,1432,Kamloops Centre South,49,40,37,41,31,36,30,0,0,0,0,0,264
2026,1433,Lower Thompson,19,24,10,19,13,15,11,0,0,0,0,0,111
2026,1440,100 Mile House,20,17,24,13,15,17,12,0,0,0,0,0,118
2026,1450,North Thompson,7,4,2,5,2,6,4,0,0,0,0,0,30
2026,1461,West Cariboo,3,2,4,1,2,4,2,0,0,0,0,0,18
2026,1462,Williams Lake/East Cariboo,24,23,18,21,25,24,17,0,0,0,0,0,152
2026,1470,Lillooet,5,5,6,7,8,1,2,0,0,0,0,0,34
2026,1480,South Cariboo,5,6,7,8,6,9,5,0,0,0,0,0,46
2026,1490,Merritt,18,15,14,8,16,9,12,0,0,0,0,0,92
2026,2110,Hope,13,16,15,10,9,13,5,0,0,0,0,0,81
2026,2121,South Chilliwack,41,35,47,38,42,44,22,0,0,0,0,0,269
2026,2122,North Chilliwack,61,48,56,39,39,45,40,0,0,0,0,0,328
2026,2131,Central Abbotsford,31,31,40,41,30,33,23,0,0,0,0,0,229
2026,2132,East Abbotsford,17,22,15,17,15,18,17,0,0,0,0,0,121
2026,2133,West Abbotsford,47,50,54,43,43,30,43,0,0,0,0,0,310
2026,2134,Abbotsford Rural,13,13,21,16,15,12,10,0,0,0,0,0,100
2026,2141,South Mission,17,21,29,16,26,15,26,0,0,0,0,0,150
2026,2142,North Mission,11,21,12,6,12,17,5,0,0,0,0,0,84
2026,2150,Agassiz/Harrison,12,12,20,10,8,10,7,0,0,0,0,0,79
2026,2211,New Westminster - East,30,24,19,22,15,8,19,0,0,0,0,0,137
2026,2212,New Westminster - Central,9,14,14,10,13,11,6,0,0,0,0,0,77
2026,2213,New Westminster - Downtown,4,3,8,5,2,1,2,0,0,0,0,0,25
2026,2214,New Westminster - West/Queensborou,11,3,4,5,9,5,5,0,0,0,0,0,42
2026,2221,Burnaby Heights/Capital Hill,17,22,16,13,16,11,12,0,0,0,0,0,107
2026,2222,Brentwood/Willingdon/Parkcrest,16,11,7,11,10,12,10,0,0,0,0,0,77
2026,2223,Westridge/Sperling/Gov't Road,12,12,10,6,8,13,7,0,0,0,0,0,68
2026,2224,Burnaby Mountain/Lougheed,10,9,10,9,8,7,11,0,0,0,0,0,64
